student_index,risk_probability,actual_at_risk,shap_age,shap_Medu,shap_Fedu,shap_traveltime,shap_studytime,shap_failures,shap_schoolsup,shap_famsup,shap_paid,shap_activities,shap_nursery,shap_higher,shap_internet,shap_romantic,shap_famrel,shap_freetime,shap_goout,shap_Dalc,shap_Walc,shap_health,shap_absences,shap_G1,shap_support_index,shap_risk_behavior,shap_engagement,shap_school_MS,shap_sex_M,shap_address_U,shap_famsize_LE3,shap_Pstatus_T,shap_Mjob_health,shap_Mjob_other,shap_Mjob_services,shap_Mjob_teacher,shap_Fjob_health,shap_Fjob_other,shap_Fjob_services,shap_Fjob_teacher,shap_reason_home,shap_reason_other,shap_reason_reputation,shap_guardian_mother,shap_guardian_other
0,0.84063405,1,0.0845041,0.00015789713,-0.0024518296,0.00492561,-0.007446116,0.21805899,0.035309654,-0.010698929,0.00052634196,-0.006136531,0.0027383233,0.0,0.012184945,-0.028047487,-0.00912834,0.012693549,-0.15140031,-0.00785586,-0.0023117147,0.006617706,0.074407846,1.3826454,-0.0050432486,0.016809708,-0.0021889503,0.00070459535,-0.0007193673,0.0078089996,0.012007954,0.001902298,6.356338e-05,0.0004113672,0.0025264933,-0.002530486,0.0,0.025778607,0.009078101,-0.0071115354,0.004153206,-0.018058782,0.00091274607,0.0017679445,-0.0018900195
1,0.63992363,0,-0.0700168,-0.0072161756,0.003697177,-0.0018789226,-0.014040843,-0.07091079,0.0036209452,-0.016018555,-0.00044591754,0.014197595,0.003151343,0.0,-0.0038751194,-0.01766862,0.07326534,0.010493124,0.031867858,-0.0029339888,0.00033628131,0.007626836,-0.14629385,0.8215165,-0.012340796,0.017493328,-0.012638787,-0.00022695788,0.000794173,-0.003480442,0.006434425,0.0022616428,-0.0011233636,-0.00024546531,0.0052420422,-0.0035540909,0.0,-0.025447905,-0.0016615381,-0.00734326,-0.008987145,0.0016201653,0.00012230354,-0.002017106,-0.0056172777
2,0.6368103,0,-0.06984062,-0.0021569156,0.002912364,-0.0020417287,-0.016132783,-0.084308654,0.0040695462,0.0074744984,0.00030888745,0.014197595,0.0031731955,0.0,-0.0038680262,-0.03224409,0.014140582,-3.2239943e-05,-0.12952955,0.0053515173,-0.0013100322,0.007728669,0.018562233,0.8080094,-0.0065258853,0.023976143,-0.012673709,-0.00022695788,0.0008913744,0.010904075,-0.0055570626,0.0016137565,0.00010517466,-0.00024546531,-0.022688435,-0.0032608309,0.0,0.030049384,0.0026360843,-0.00734326,0.002533338,0.0016889189,-0.0012047028,0.0007523382,-0.0056172777
3,0.7021348,1,-0.037140664,0.010300844,0.009816782,-0.0032093832,0.004452318,0.18026377,0.009937086,0.0033611758,0.003577968,-0.013828033,0.0048127407,0.0,-0.0045748726,0.05696688,0.06088621,0.012893553,-0.08995359,-0.003869102,-0.0020111229,0.009745529,0.049214125,0.66122323,-0.0047403635,-0.04731295,0.007446442,-0.007002351,-0.0015063793,-0.0045506656,-0.0037571257,-0.014500813,6.356338e-05,-0.00024546531,0.0028447537,-0.0026328822,0.0,0.033882182,-0.009611595,-0.007392245,-0.009298438,0.0015965397,0.00091274607,-0.0017158454,-0.0051356526
4,0.7249929,1,-0.053511165,-0.0018623116,0.00022352021,-0.0015889159,0.0071028722,-0.05833737,-0.04728157,0.008262174,-0.003645286,-0.010093216,0.0023262086,0.0,0.013614096,-0.0141920205,0.06612567,-0.002453651,0.03269382,0.0023110441,-0.0010394438,-0.021347163,-0.11006308,1.1906166,0.07022411,0.020974234,-0.0074373437,-0.00022695788,-0.00983899,-0.0034212137,-0.059881933,0.0019893856,0.00010517466,0.0004113672,0.0044274433,-0.0032608309,0.0,-0.023100628,-0.0020002325,-0.0066048866,-0.01392833,0.0016390838,0.00019848702,-0.004162869,-0.0018768583
5,0.1452435,0,0.045211524,0.0062471414,0.005867709,0.0016570955,0.0047577946,-0.08059627,-0.025799327,0.0044079144,-0.0007630375,-0.008577013,0.0016985033,0.0,-0.012158004,-0.01186307,0.052067425,-0.017294616,0.017385177,0.011787743,-0.015376297,0.005243153,0.07651615,-1.775658,-0.008899069,0.0156157855,-0.0028819984,-0.00022695788,-0.001699134,-0.00966865,0.0006470204,0.0015572254,0.00010517466,0.00019890038,0.004044419,-0.0027769844,0.0,-0.012130105,-0.0019001737,-0.039992683,-0.0066420743,0.00065731915,0.00091274607,0.0007523382,-0.0021166892
6,0.1783577,0,0.054895774,-0.0062868306,0.012552286,0.007504953,-0.00346904,0.36424124,-0.0071716886,0.0048040184,-0.0020098109,-0.008902241,-0.010372044,0.0,-0.0107481,0.05282721,-0.047221605,-0.011432892,0.006802305,-0.013132418,0.0054978286,0.0002159714,-0.07514223,-1.7610456,-0.008015766,-0.03756634,-0.0054804846,0.0069356803,-0.0053758416,-0.009504599,0.0032641357,0.0013285178,-0.0006789163,-0.0013458316,0.0020959163,-0.0014462639,0.0,-0.015139678,-0.010976409,-0.023005864,0.003019128,0.00085288344,0.00012230354,-0.0017158454,0.0154360365
7,0.1465451,0,0.031494863,-0.0059172544,-0.002032951,0.0019516303,0.004105982,-0.07103721,-0.030364636,0.0031389624,-0.00044591754,0.00978936,0.0029375644,0.0,-0.011807679,-0.011662846,0.022784157,0.046701916,0.018697217,0.0050150584,-0.001738997,-0.050866693,0.09094372,-1.7610904,-0.008916941,0.015523794,-0.016139712,-0.00022695788,0.0047489586,0.024969406,-0.015809538,-0.03102268,0.0006312103,0.00019890038,0.004844561,-0.0026328044,0.0,-0.013362581,-0.0019981833,-0.02212664,0.0024171425,0.0007678848,-0.0012047028,0.0016247275,-0.0021166892
8,0.6061688,1,0.0996339,-0.0014399727,-0.0021693928,0.0010638976,0.007444278,-0.06418878,-0.004268437,0.005008231,-0.0024152356,-0.017253809,0.005315401,0.0,-0.006843834,0.023828076,0.031649426,-0.00019150376,3.5892124e-05,-0.0066449046,-0.0025367842,-0.00046040653,0.021220686,0.37364236,-0.010635354,0.00884998,-0.017550522,-0.00022695788,-0.0015924008,-0.0040069423,-0.0010557804,0.0023089962,0.0006312103,0.00019890038,0.0041236393,-0.0069725616,0.0,-0.030349769,-0.0022122813,-0.007392245,-0.005155325,0.0010668696,0.00012230354,-0.008838255,0.042217612
9,0.18657883,0,-0.052928884,0.0023152144,-0.0014067047,-0.0007443555,0.0026058753,0.226125,-0.017542714,-0.011815909,0.0018481911,-0.005744923,0.0025621909,0.0,0.046618015,0.021734022,0.0067403517,0.0003937555,0.04549645,-0.005344417,-0.0029274528,-0.005427981,0.084459305,-1.7394373,-0.011672762,0.016158987,0.0021430666,-0.000709526,0.0009258429,-0.00842582,-0.022177346,0.0026040804,6.356338e-05,-0.0004945137,-0.013097509,-0.0026328822,0.0,-0.0137672275,-0.0070449086,-0.02097256,0.0017787112,0.00077917275,0.00091274607,0.00068106217,-0.00230183
10,0.13442653,0,-0.024968209,-0.0087570585,0.008309018,-0.004071525,0.0024090214,-0.07766867,-0.014294828,0.005450409,-0.0018884205,0.0082470765,0.0015960138,0.0,-0.011720169,0.045436125,0.048735693,0.048430853,-0.043958448,-0.0022555904,0.010603251,0.0019526841,-0.08705398,-1.7237232,-0.009965802,-0.007601115,-0.0028965943,-0.0008893729,-0.0033614114,-0.015590026,-0.00040446408,0.0012735508,-0.0011233636,-0.00024546531,0.005162822,-0.0035540909,0.0,0.012352686,0.010262857,-0.023005864,-0.010253202,0.0005438702,0.00012230354,0.0007523382,-0.0020402533
11,0.13512929,0,-0.013926367,-0.018596657,-0.019082597,-0.0012566757,0.0035469441,-0.0778386,-0.019593742,0.0025848665,0.0002736526,0.0079171015,0.0016985033,0.0,-0.012536926,0.019574225,0.030642299,-0.012160142,0.034190215,-0.0015617389,0.00869224,-0.045906324,0.06801908,-1.7941641,-0.009088751,0.015169954,-0.0029287792,0.00022536918,-0.00055514893,-0.0064862794,-0.0122688515,0.0023089962,0.00010517466,-0.00024546531,0.005962964,-0.005159729,0.0,0.011383329,-0.0020186517,-0.023005864,0.0025477936,0.0006904054,0.0003268673,0.0007523382,-0.0018551124
12,0.13850783,0,-0.04596108,-0.021548,0.009169154,-0.0023983,0.0035481544,-0.07164735,-0.011935403,-0.011319064,-0.0018884205,-0.008575108,0.0016985033,0.0,-0.012595436,0.056484293,0.010129654,0.047365427,0.011834854,-0.002705408,0.00869224,0.0042330055,0.062150374,-1.7852988,-0.013604063,-0.041624628,0.00068286946,-0.0008893729,-0.00030341803,-0.009862547,-4.8855698e-05,0.0014046772,-0.0011233636,-0.00024546531,0.005162822,-0.005159729,0.0,0.011383329,0.013246509,-0.023005864,-0.0073844735,0.0006535503,0.0003268673,-0.002017106,-0.0020402533
13,0.1802113,1,-0.020377537,-0.024284638,-0.012394974,-0.004005962,0.003842639,-0.07110226,-0.026432553,0.005450409,0.0012092558,0.0082470765,0.0026236821,0.0,-0.044540804,0.057731744,0.013174973,-0.016817687,0.016088694,-0.0024942884,0.008331264,-0.0074250796,0.029986368,-1.334062,-0.0092967,-0.054418992,0.030216329,-0.0008893729,-0.00049837696,-0.02246422,0.0011874445,0.0014046772,0.00010517466,-0.00024546531,-0.01997854,-0.0063823313,0.0,0.012498904,-0.0045228703,-0.033870097,0.0017787112,0.00061669474,0.0003268673,0.002077568,-0.002586606
14,0.120893285,0,0.07567576,-0.012912989,0.006518609,-0.0016202137,-0.009601596,-0.076286614,-0.023750367,-0.0070879036,-6.646209e-06,0.005037086,0.0016985033,0.0,0.058852628,-0.03098151,-0.068957135,-0.025194231,0.010241214,-0.0054296902,0.0058379225,-0.0022205887,0.07890645,-1.8150842,-0.008982818,-0.0587883,-0.018090485,-0.0008893729,-0.0017963353,-0.009036415,0.000726162,-0.016637465,0.00010517466,-0.00024546531,-0.01887281,-0.0017819853,0.0,-0.011217066,-0.0052479426,-0.02097256,0.0014671241,0.00061669474,0.00091274607,-0.002017106,0.015839526
15,0.16368471,0,-0.0586669,0.003811105,-0.007756644,-0.0006069387,-0.007557532,0.22420475,-0.019345853,-0.014509844,0.0018481911,0.0050041545,0.0025621909,0.0,0.05134263,0.020798843,0.011222583,-0.0051982254,0.025960067,0.0062912884,-0.016564753,-0.0026315283,-0.10543816,-1.64104,-0.012069644,-0.0014282092,-0.015048531,-0.000709526,0.0039809723,-0.012384922,-0.018008776,0.0027532158,6.356338e-05,-0.0004945137,0.0035656763,-0.0024138847,0.0,-0.016468287,-0.008770066,-0.038422782,0.0037518064,0.0014917151,0.00019848702,0.00068106217,-0.002336737
16,0.25820315,0,-0.0153133795,0.02212085,0.001886666,-0.0012649517,0.0046509504,-0.06662929,0.40680033,-0.011106433,0.0013026806,-0.006396534,-0.01294711,0.0,-0.04441878,-0.0269344,-0.09020255,-0.011313839,-0.0701106,-0.0024770852,-0.005436317,-0.033738215,-0.13020794,-0.92081875,-0.011561191,-0.038407054,0.00567268,-0.0008893729,0.06735881,-0.02270098,0.0003873245,0.0013757081,0.00010517466,0.00019890038,0.004348223,-0.0029628042,0.0,-0.012923924,-0.0029923264,-0.030219486,-0.00707318,0.0005438702,0.00019848702,0.002077568,-0.002586606
17,0.5956668,0,-0.07200137,-0.004021368,0.0035957438,-0.0020794878,0.004357107,-0.074923925,-0.004024971,0.0074744984,-0.0007630375,0.014197595,0.004480443,0.0,-0.0044761384,-0.023655249,0.029013166,-0.001959268,0.03223905,0.0016745889,0.00033628131,0.008409433,-0.16583428,0.6757699,-0.008575883,0.019940784,-0.011377666,-0.00022695788,0.0008913744,-0.0063208714,-0.006818595,0.0023094197,0.00010517466,-0.00024546531,0.0052420422,0.010334279,0.0,-0.03194731,-0.0016120938,-0.00734326,-0.008987145,0.0016976447,0.00012230354,0.0007523382,-0.0055823703
18,0.30508175,0,-0.050328836,-0.013369954,0.0047333483,0.0060323146,-0.03295009,-0.059965517,0.40394378,0.007065551,-0.0037071062,0.0079171015,-0.013387713,0.0,-0.04296875,-0.030298568,0.051107436,-0.008665238,0.008448159,-0.0029339888,0.0054338523,-0.031435315,-0.108057216,-0.9725988,0.08416197,-0.05884112,-0.014991647,-0.0008893729,0.06735881,0.037639834,-0.00027099822,0.0011868004,0.00010517466,-0.00024546531,-0.019226393,-0.004776693,0.0,-0.013424898,-0.0029923264,-0.030219486,0.0016480602,0.00061669474,-0.00074231264,0.002077568,-0.0026788604
19,0.12711531,0,-0.03571959,-0.0053768875,-0.0033871706,0.012001477,0.0018937426,-0.07210032,-0.026781728,0.005450409,-0.00036864734,-0.009095841,0.0015960138,0.0,-0.010650527,-0.030122112,0.0037669465,-0.0116588725,-0.07335205,-0.0024641166,0.005220987,0.0008356859,0.04143307,-1.6887367,-0.008193735,-0.037080094,0.060580216,-0.0008893729,-0.0015990573,-0.008140318,-0.0002917709,0.0013757081,0.00010517466,0.0004113672,0.0043582367,-0.0034798284,0.0,-0.010205426,-0.003997256,-0.022542462,0.0022362063,0.00058072526,-0.005539847,-0.002017106,-0.0020402533
20,0.8000132,1,-0.060233667,-0.0077245166,0.0056748795,-0.0017590001,-0.012008986,-0.07265476,0.02725424,-0.011793925,-0.0002603596,0.0065745283,-0.011177614,0.0,-0.0039992123,-0.016058514,-0.07424603,0.0002889466,0.091058105,-0.0014530853,0.006298169,0.013942629,0.10929545,1.4713091,-0.0102874935,0.022855802,-0.01306772,-0.00022695788,-0.004350717,-0.0050838697,-0.066064045,0.0036568274,0.00010517466,-0.00024546531,0.0060421843,0.008261747,0.0,-0.018301524,-0.0016615381,-0.00734326,0.0049168784,0.0017389823,0.0003268673,0.0018392205,-0.002336737
21,0.112792216,0,-0.042273324,0.004132178,-0.0067502926,-0.0007043962,-0.012194606,-0.08786945,-0.020056143,-0.009277673,5.5174052e-05,-0.008575108,0.0016985033,0.0,-0.012536926,-0.01031953,0.043170705,-0.012650273,0.02227709,0.00043640018,-0.0014625638,-0.031158367,-0.107947186,-1.7352674,-0.013980982,0.013527567,-0.017758628,-0.00022695788,-0.003450883,-0.006212191,-0.007848878,0.00273625,0.00010517466,-0.0004945137,0.005962964,-0.0032608309,0.0,0.011574203,-0.0020002325,-0.023005864,0.0024171425,0.0007678848,0.00019848702,0.0007523382,-0.002336737
22,0.6523757,0,-0.06475538,-0.0012011931,0.004631295,0.00023330723,-0.015677972,-0.06743429,-0.003313876,0.0053822654,-0.00044591754,0.014197595,0.005033685,0.0,-0.004111943,-0.01554459,0.053228483,-0.0030349768,0.040312648,-3.4389028e-05,-0.04403761,0.010733208,-0.0057385587,0.7436731,-0.0065258853,0.010681886,-0.012141417,-0.00022695788,0.0008913744,0.009292442,0.0039158547,0.0034472109,0.00010517466,-0.00024546531,0.0052420422,0.009960596,0.0,-0.030699749,-0.0018551678,-0.00734326,-0.008987145,0.002052403,0.00019848702,-0.002017106,-0.0056172777
23,0.6579431,1,0.095625006,0.0027619475,0.008444747,0.0009858517,0.0057823397,-0.067510486,0.0011376484,-0.0076860273,-6.646209e-06,0.015486088,0.004762159,0.0,0.028546175,-0.021701522,0.02255948,0.00061564543,0.062473428,-0.006051211,0.004491517,0.007886817,0.13768227,0.34879854,-0.0112131005,0.015204517,0.02454877,-0.00022695788,0.0014655924,0.012075469,-0.005667263,0.0029458664,0.00010517466,-0.00024546531,0.0046869223,-0.0068982993,0.0,-0.025552273,-0.0019001737,-0.00716052,0.0007290185,0.001030014,0.00091274607,0.002077568,-0.0051356526
24,0.7242664,0,-0.041687552,0.0051921057,-0.0024098805,0.005026219,0.0045452127,0.108429134,-0.0977205,0.0063346853,7.502927e-05,0.0067518773,0.0020536433,0.0,-0.003534948,-0.02617509,0.0684864,0.003098669,-0.118941255,-0.010015138,0.0049827825,-0.052012935,-0.06929324,1.1862973,0.050707582,-0.05125645,0.019596929,-0.007002351,-0.010405938,0.020059742,0.011023898,0.0013977533,6.356338e-05,-0.0004945137,0.0023850654,-0.0024887023,0.0,-0.028938288,-0.006806844,-0.006836612,-0.01392833,0.0015379788,0.00019848702,0.0017679445,-0.0016152814
25,0.11226832,0,-0.010483933,-0.0014095827,-0.0037005786,-0.0007043962,0.003422216,-0.087333985,-0.027735073,-0.007816931,-0.0007630375,-0.008575108,-0.00793705,0.0,-0.012158004,-0.017819252,0.015990363,-0.01833623,0.0032567845,-0.003139225,-0.00046533468,0.002706082,-0.10563079,-1.7036811,-0.013593207,0.011147624,-0.020131657,-0.00022695788,0.0035376323,-0.012671086,-0.00034158851,0.0015506828,0.00010517466,0.0004113672,0.005962964,-0.0033356484,0.0,-0.011219306,-0.0019001737,-0.039992683,0.0024171425,0.00061669474,-0.0012047028,-0.002017106,-0.0018551124
26,0.7592475,1,0.13447315,-0.0032773134,-0.010066314,-0.009055693,-0.010847131,0.22632764,0.011243418,0.0048352294,0.00052634196,-0.012701534,0.004015031,0.0,-0.002842714,-0.018116888,0.017542385,0.012225825,0.06929239,0.010644449,0.0011766844,0.0054934802,-0.13885425,0.8330315,-0.0055074287,0.020405045,-0.001919021,0.00070459535,0.0024329633,0.007873145,-0.004201066,0.004101047,6.356338e-05,0.0004113672,0.001726351,-0.0017858584,0.0,-0.029515637,-0.0058409534,-0.00734326,-0.008987145,0.0024951855,0.00019848702,-0.0017158454,0.042621102
27,0.82736194,1,0.08272091,0.006567771,-0.014247952,0.0031900813,0.004027862,0.25920364,0.036167126,0.0044747926,0.00021080833,-0.006136531,-0.011328162,0.0,0.015043319,-0.025110282,0.071849406,0.0073293066,-0.11215814,-0.012566756,0.0011214635,0.009244539,-0.070878446,1.399876,-0.0074052988,-0.045629393,-0.006805537,-0.007002351,-0.0034233804,-0.0017544252,0.011870909,0.0014872064,6.356338e-05,-0.0061010746,0.0021751362,-0.0016820511,0.0,-0.026881319,-0.0080810515,-0.00716052,0.004365136,0.0013605983,0.00019848702,-0.0038616084,0.0154360365
28,0.69008124,0,-0.071327455,0.0007614974,0.006138495,0.007138019,0.0047322237,0.32420504,0.0047208173,0.009583639,-0.0046986993,0.011614623,0.0060765995,0.0,-0.0059088888,0.049545567,0.015363057,0.031150412,-0.043828215,0.013787435,-0.00035744836,0.011162026,-0.006419528,0.33061433,-0.009597352,0.009888651,0.014567952,-0.000709526,-0.002002277,0.0258356,-0.0023415438,0.002019012,6.356338e-05,-0.0013458316,-0.009526998,-0.005230497,0.0,0.03711633,0.009329888,-0.007392245,0.0012723804,0.0019427753,-0.0012047028,-0.004849692,0.04133409
29,0.11511216,0,0.036868803,0.0053132293,0.0044966964,7.3690084e-05,-0.0042556417,-0.0822126,-0.021737896,0.0044079144,-0.0007630375,-0.012462287,0.0016985033,0.0,-0.012536926,-0.017819252,0.015927516,-0.011208212,0.002332781,-0.0041479794,-0.00046533468,-0.0015700117,-0.11356271,-1.7974187,-0.0116273025,0.010654167,-0.0067883283,-0.00022695788,-0.003518484,-0.008052968,-0.00034158851,0.0015506828,0.00010517466,-0.00024546531,0.004844561,-0.0032332523,0.0,0.012714008,-0.0019001737,-0.023005864,0.002258469,-0.010071258,0.00019848702,0.0007523382,-0.0018551124
30,0.28968233,0,-0.01795184,-0.013558293,-0.0053968434,0.0060323146,0.0050071822,-0.07376597,-0.040330138,0.003895284,-6.646209e-06,0.0079171015,0.0026236821,0.0,0.17530373,-0.03261343,0.017555034,-0.022399839,-0.0011449514,-0.003109302,0.005470979,0.016049935,-0.11883685,-0.9567533,-0.010969004,-0.05651105,-0.012505865,-0.0008893729,0.0032967352,-0.020909771,-0.00027099822,0.0015068345,0.00010517466,0.00019890038,0.005962964,-0.004776693,0.0,0.014789853,-0.0029923264,0.23114577,0.0024171425,0.0006904054,-0.00074231264,-0.0051509524,-0.002586606
31,0.61054665,0,-0.06520038,0.0072402083,-0.00086980313,-0.003106275,0.0054205405,-0.07093596,0.00666513,0.002453851,-0.0007630375,-0.016658217,0.0026199536,0.0,-0.004414824,-0.036305927,0.0024265493,-0.004959614,-0.15477681,-0.00242831,-0.00031280308,0.0047358377,0.03450018,0.76397204,-0.006443037,-0.04668838,0.006742334,-0.0008893729,0.0014597266,-0.0063208714,-0.006788826,0.0015633658,0.00010517466,0.0004113672,0.0060421843,-0.0034798284,0.0,0.02554832,0.010854929,-0.007392245,0.0031214843,0.0016114395,0.00091274607,-0.002017106,-0.0053207935
32,0.13059032,0,-0.015233868,-0.011864974,0.0047229594,-0.0038685454,0.0025360025,-0.07245265,-0.013856352,0.0045997836,-5.152737e-05,0.0082470765,0.0016985033,0.0,-0.010553067,-0.03097136,0.01652114,0.04836127,0.0015228596,-0.0029180907,0.0033099758,0.0033098776,-0.10458326,-1.724603,-0.010431421,-0.04917073,0.053681713,-0.0008893729,-0.003518484,-0.008711983,-0.0066761523,0.0015068345,0.00010517466,-0.00024546531,0.0043582367,0.010742812,0.0,0.012561757,0.011605829,-0.023005864,0.0024171425,0.00061669474,-0.00074231264,0.0007523382,-0.0018551124
33,0.7468288,1,-0.0071769673,-0.007609884,-0.013746356,0.0052543334,0.008836527,-0.062318552,-0.052349623,0.0030636317,-0.0037071062,-0.010093216,0.0023262086,0.0,0.012088841,-0.017785847,0.02119369,0.0068869707,0.064534746,-0.0024136447,0.003299605,-0.0732888,-0.115171425,1.2201251,0.065442964,0.017208919,-0.010988167,-0.00022695788,-0.009655319,-0.0037293083,0.009746318,-0.038315605,0.00010517466,0.00019890038,0.0044274433,-0.0035540909,0.0,0.027752437,-0.0017551093,0.04785362,-0.01392833,0.0015616044,0.00012230354,0.0018392205,-0.0015598251
34,0.7632407,1,-0.0038146924,0.0074247667,-0.0016280178,1.0698743e-05,0.0035481039,-0.08010993,0.025822824,0.0033155144,-6.646209e-06,-0.0073939087,-0.011177614,0.0,-0.0040577217,-0.030899458,-0.093273304,-0.0023361056,0.03223623,-0.0033503447,0.006298169,0.009357288,-0.13672091,1.5413169,-0.008941087,-0.038790867,-0.016358683,-0.0008893729,-0.001660681,-0.0053322357,0.01047523,0.0022177948,0.00010517466,-0.0004945137,0.0060421843,-0.0017402016,0.0,-0.024061512,-0.005505085,-0.007392245,0.0050978144,0.0017389823,0.00019848702,-0.004162869,-0.0018551124
35,0.106780365,0,-0.042936653,-0.008876999,-0.0042702886,0.01001134,-0.010528643,-0.084168814,-0.024190444,-0.011336327,-6.646209e-06,0.00515678,0.0015960138,0.0,-0.011720169,-0.031966735,-0.06941491,-0.014035689,-0.07793244,-0.0022230737,0.0077489335,0.0005577686,0.057442393,-1.7276506,-0.01219657,-0.03459461,-0.020572724,-0.0008893729,-0.0018853355,-0.009527646,0.00056512107,0.0013757081,0.00010517466,0.00019890038,0.005162822,-0.0018843813,0.0,0.01068379,0.0026907208,-0.022542462,-0.0066420743,0.0005438702,0.00091274607,-0.002017106,-0.0020751604
36,0.14007634,0,-0.012768548,-0.0036017266,0.0032621222,0.00312138,0.0032952349,-0.08509247,-0.012284529,-0.010593953,0.0016307365,-0.008575108,0.0016985033,0.0,0.06331667,0.025270708,0.047200304,0.061414823,0.012084821,-0.0026392569,-0.0022671395,-0.0006417071,-0.10296811,-1.657454,-0.013382647,0.006445544,-0.020237023,0.00022536918,-0.0034238258,-0.011074348,-0.010882708,-0.015803985,0.00010517466,-0.00024546531,-0.02256095,-0.0033356484,0.0,-0.011219306,-0.0023573455,-0.038886182,0.0029827242,0.00061669474,-0.0012047028,0.0007523382,-0.0018551124
37,0.13409926,0,-0.027189536,-0.0042083664,-0.0039411364,-0.0026942538,0.0024090214,-0.08430706,-0.028016405,0.006475036,0.0033605136,0.0082470765,-0.00793705,0.0,-0.011467285,0.025663644,0.048067957,-0.010914052,0.01967336,0.008265035,-0.017178101,0.005127098,-0.10407746,-1.7163239,-0.011781093,0.0019991423,0.060218953,-0.00022695788,0.0033567564,-0.016161691,0.00090392027,-0.015574863,0.00010517466,0.00019890038,0.0043582367,-0.0034792733,0.0,0.012207782,0.0026882351,-0.022542462,0.0037518064,0.0007678848,-0.00074231264,0.0007523382,-0.00230183
38,0.17089538,0,0.035725754,-0.008006091,0.007136889,0.0014481392,-0.013133702,-0.07920927,-0.03524675,-0.008892569,5.5174052e-05,-0.008577013,-0.013172138,0.0,-0.04502149,-0.025893832,0.01136275,-0.018875713,-0.07869967,0.006670121,-0.0056492,-0.010961064,0.035960086,-1.2891055,-0.009554152,0.01816892,-0.013408015,0.00022536918,-0.0016894279,0.041703213,-0.012017448,0.001426099,0.00010517466,-0.00024546531,-0.01887281,-0.0039995867,0.0,-0.012780162,-0.0021432478,-0.033821113,0.0014671241,0.00065820466,0.00091274607,0.002077568,-0.0026979493
39,0.12764107,0,0.04325355,0.0053606797,-0.010185352,7.3690084e-05,0.0013882953,-0.0842004,-0.030843945,-0.006809566,-0.0007630375,0.010259405,0.0016985033,0.0,-0.012536926,-0.010381492,0.024488136,0.046992425,0.04435533,-0.004784492,-0.001738997,-0.0012812018,-0.11794819,-1.7823296,-0.013275488,0.007897988,-0.007075739,-0.00022695788,0.0035376323,-0.007896597,-0.00046846623,0.0029458664,0.00010517466,-0.0004945137,-0.01887281,-0.0032332523,0.0,0.012923079,0.0035850885,-0.022542462,0.0016480602,0.0006904054,-0.0012047028,0.0007523382,-0.0021166892
40,0.5901172,1,-0.066673,0.005530052,0.005599409,-0.0022905152,0.008822218,-0.052524626,0.06345065,0.004796652,-0.00396082,0.014197595,0.0038692371,0.0,-0.004689565,-0.034872983,0.0123367235,-0.0010534048,-0.13185301,-0.002441279,0.006485937,0.002334586,-0.12148094,0.59252757,0.06684508,-0.022515973,-0.008606371,-0.0008893729,0.01119067,-0.0062405304,0.0067314953,0.0012433317,0.00010517466,0.00019890038,0.0044274433,-0.0033356484,0.0,0.035205044,-0.0042403303,-0.006787627,-0.008987145,0.0014340617,0.00019848702,-0.002017106,-0.004895822
41,0.54654574,0,0.107293814,-0.009270465,-0.0070002433,0.0010112519,-0.01841589,-0.07681076,-0.0028811472,-0.00848751,0.0016307365,-0.015531718,-0.02347875,0.0,-0.00739601,0.049573973,0.05856278,-0.0011478036,-0.037206016,-0.008734759,-0.0022351432,0.00995239,-0.15772864,0.34656134,-0.010335425,-0.01702052,-0.017629903,0.00088123995,0.0013100246,-0.0029719828,0.003757101,0.0012735508,0.00010517466,0.0004113672,0.0041236393,-0.0067541194,0.0,0.031911805,0.013715016,-0.00734326,-0.005155325,0.0010309,0.00019848702,-0.0051509524,-0.00517056
42,0.14179605,0,-0.018334001,0.011467467,-0.0009116781,-0.00050636183,0.003522044,-0.071294084,-0.011139644,-0.006012266,-6.646209e-06,0.0079171015,0.0015960138,0.0,0.061415806,-0.024589099,0.052249506,0.042802483,-0.04459292,-0.0028576348,0.004917125,0.0060828226,-0.093188845,-1.6978549,-0.011960048,-0.016152639,-0.019639343,-0.0008893729,-0.003607956,0.019418951,-0.00050470466,0.0013757081,0.00010517466,-0.0004945137,0.005962964,-0.0033356484,0.0,0.012499949,0.008079853,-0.021435961,0.0024171425,0.0006544359,0.00019848702,0.0007523382,-0.0018551124
43,0.61539376,1,0.09695929,-0.008087115,0.0007857465,0.0006699203,0.00021482346,-0.08150979,-0.0033597904,0.0048510674,-0.004577309,-0.016717684,0.004762159,0.0,-0.006971307,0.026631061,-0.08717106,-0.00062163844,0.020873167,0.0048449202,-0.009650196,0.0016288735,0.14009093,0.36915004,-0.009792587,0.02341446,0.026598757,-0.00022695788,-0.003926741,-0.00557789,-0.0047459765,0.0023567728,0.00010517466,-0.00024546531,0.0046869223,0.014087426,0.0,-0.026800204,-0.0017755774,-0.00734326,0.0010406056,0.0011074934,0.0003268673,0.002077568,-0.0053972295
44,0.7712495,1,-0.0715707,0.0019861842,0.012406769,0.0008852649,0.0044511077,0.26815715,0.013888623,-0.017551402,0.0014267104,0.0112846475,-0.016910901,0.0,-0.0030588887,0.03820694,0.0116422335,0.012216756,0.03453848,-0.0067545604,0.003817098,0.007705388,0.07224345,0.79109097,-0.007559811,0.01919543,0.009552952,-0.000709526,3.5760488e-05,-0.0038512056,-0.002354952,0.0033150404,6.356338e-05,-0.0013458316,0.0022742704,-0.0019286268,0.0,0.03050005,0.006813894,-0.007392245,-0.006755127,0.0021374016,0.00091274607,0.00068106217,-0.0055823703
45,0.7922306,1,-0.05924383,-0.002340862,0.0049517783,-0.0014057187,0.0043714168,-0.0671129,0.022950761,0.00502002,-5.152737e-05,-0.011815308,0.0029592672,0.0,-0.0034789126,-0.016179377,0.023330394,6.333203e-05,0.08123365,-0.0018567183,0.0037702224,0.009229373,0.016275592,1.440883,-0.00800496,0.019079095,-0.010261248,-0.00022695788,-0.0013194784,-0.00546749,-0.06630451,0.0036568274,0.0006312103,-0.00024546531,-0.022688435,-0.0033356484,0.0,-0.021512913,-0.002193862,-0.007392245,0.004328732,0.0013842239,-0.0012047028,0.00271161,-0.0020402533
46,0.6767323,1,-0.03622718,-0.0064217644,-7.6281605e-05,-0.004038015,0.0034851888,-0.05934405,-0.0010564179,0.005006259,0.0016307365,0.013429225,0.006712456,0.0,-0.0042040246,0.043265674,-0.10877032,-0.0026992587,0.036253743,0.0023106842,-0.007305273,-0.10189029,0.20966731,0.73769426,-0.006065071,0.0155596165,0.049688794,-0.00022695788,-0.0051542507,-0.005785789,-0.009009659,0.0022072624,0.0006312103,0.00019890038,0.004574678,-0.0016653842,0.0,-0.033195242,-0.0022122813,-0.0073386966,0.0046370844,0.002229781,-0.0012047028,0.0016247275,-0.0053972295
47,0.11684725,0,-0.0039001657,-0.0031768891,0.0028589438,-0.00087072724,0.004040917,-0.08366513,-0.015895318,-0.0075044855,0.00030888745,0.007148732,-0.008895766,0.0,-0.012435585,-0.0130055,-0.092180654,-0.013573216,0.04624097,-0.0020678379,-0.0073023136,0.004179529,1.0288495e-06,-1.7821275,-0.012110031,0.017983543,-0.017399231,-0.00022695788,-0.0034238258,-0.009245929,0.0023547825,0.0029458664,0.0006312103,0.00019890038,0.005962964,-0.0017402016,0.0,-0.011730086,-0.0020938034,-0.023005864,0.0024171425,0.0006904054,0.00019848702,0.0016247275,-0.0021166892
48,0.1616006,0,-0.038808838,-0.009840264,0.003770477,0.0028151819,0.003949516,-0.07615149,-0.04299066,-0.013123728,0.0033605136,0.0074787075,0.002758022,0.0,-0.046423316,0.044614676,-0.0953085,-0.01898735,0.004819831,-0.0031676476,-0.011934773,0.014544294,-0.015054667,-1.3141296,-0.01733289,0.00478533,0.0052200803,-0.00022695788,0.0033664627,-0.014511968,0.0035644458,0.0014485255,0.0006312103,-0.00024546531,0.005962964,-0.0029628042,0.0,-0.0128854895,-0.0021648859,-0.033821113,0.0037518064,0.0006904054,-0.0012047028,0.0029499573,-0.0028481828
49,0.5372707,1,-0.0277939,-0.0019309596,5.0829723e-05,-0.0018636235,0.006589859,-0.09192391,-0.003602319,0.0033419281,-0.0007630375,0.011767249,0.005315401,0.0,-0.0067197415,-0.01592834,-0.11702494,-0.0022066117,0.045762803,-0.005148181,-0.005963715,0.007973308,-0.04344837,0.33227503,-0.012231404,0.01611957,0.012596654,-0.00022695788,-0.0015924008,-0.0061658095,-0.005010976,0.0029458664,0.00010517466,-0.00024546531,0.0060421843,0.015178509,0.0,0.031615444,0.00284466,-0.007392245,0.0009099545,0.001030014,0.00012230354,0.002077568,-0.0053972295
50,0.47907928,1,-0.028658839,-0.011030148,-0.00051859976,-0.0032537794,0.0052160006,-0.067308776,-0.0014124346,-0.008990179,-6.646209e-06,0.01452757,-0.023919355,0.0,0.029950878,-0.029780567,0.064478405,0.014413417,0.009359136,-0.006449578,0.004491517,0.0071328464,-0.1678451,0.22492956,-0.0133799175,-0.058516286,0.011412017,-0.0008893729,-0.0014977428,-0.0032292134,-0.0067480044,0.0015068345,0.00010517466,0.00019890038,0.0052420422,-0.0068565155,0.0,-0.029543236,-0.003135342,-0.00716052,-0.001975302,0.0009931589,0.00019848702,0.002077568,-0.0051356526
51,0.8594205,1,-0.06759068,-0.0041540978,-0.0013423571,0.008125095,0.003693625,0.32730106,0.031143306,-0.02026871,-0.0046986993,-0.007263031,0.003269713,0.0,-0.0029347958,0.023043834,0.011821448,0.012997007,0.06620409,0.010062049,-0.0009637262,0.00921987,-0.11133023,1.4879178,-0.009951102,0.01708965,-0.005355635,-0.000709526,-0.0017917688,-0.0063191643,0.011949206,0.0037215694,6.356338e-05,-0.0013458316,-0.009526998,-0.001928072,0.0,0.030308433,0.009329888,-0.007392245,0.0054602404,0.0022592442,-0.00074231264,-0.0038616084,-0.00230183
52,0.13093664,0,-0.009640569,-0.011627556,0.0038543607,0.008217375,0.0018937426,-0.07086993,-0.014491374,0.0045997836,-0.00036864734,-0.009095841,0.0016985033,0.0,-0.011525794,-0.028737046,0.0057216203,-0.0116588725,0.0035191963,-0.002926903,0.0033099758,0.004665948,0.062322192,-1.7606246,-0.008716709,-0.06860503,0.057315663,-0.0008893729,-0.00055514893,-0.008711983,-0.00018494215,0.0015068345,0.00010517466,0.00019890038,0.0043582367,-0.005159729,0.0,-0.010205426,-0.005505085,-0.023005864,0.0022362063,0.0006904054,-0.001983898,0.0007523382,-0.0018551124
53,0.5078857,0,-0.08083701,-0.0021911107,0.0009886789,-0.0020794878,0.0075759003,-0.077435985,-0.0026688068,0.00502002,0.00030888745,0.014197595,0.004762159,0.0,0.027791137,-0.017083589,0.044742875,-0.0016499825,0.03640296,0.005587903,0.00015246769,0.008006089,-0.17774805,0.17959912,-0.010917891,0.016737323,-0.018573903,-0.00022695788,-0.001278716,0.010851411,-0.0066558714,0.0029936433,-0.0011233636,-0.00024546531,0.0060421843,-0.0070001404,0.0,0.030645832,-0.0016120938,0.05254843,0.0007512809,-0.018725356,0.00012230354,0.002077568,-0.0055823703
54,0.8471129,1,0.006084072,0.0069782776,-0.0061585703,0.010658316,-0.007252527,0.26691532,0.037205346,-0.01384735,0.0018481911,0.006421902,0.0027383233,0.0,-0.003323909,0.04062752,0.055556837,0.009878796,-0.111073785,0.006138326,0.00079653016,0.0029316116,0.077805154,1.4018185,-0.0046263174,0.017540319,-0.003113634,-0.000709526,-0.0007193673,0.0142292045,-0.07670118,0.0022066697,6.356338e-05,-0.0061010746,0.002523505,-0.0018538093,0.0,-0.022325218,-0.008319116,-0.00734326,0.004495787,0.0020731406,0.00091274607,0.0017679445,-0.0018900195
55,0.35757977,0,-0.042531647,-0.007979382,0.0042269174,-0.0030451186,0.007817014,-0.040267482,0.30599147,0.0080901785,0.0013026806,0.009909053,0.0043569757,0.0,-0.043436803,-0.017638532,0.021030739,-0.008130305,0.002023299,0.0019593295,-0.0043303454,-0.032085713,0.22787294,-1.0391799,0.08206337,0.026672432,0.028695023,-0.00022695788,-0.06004611,-0.011974077,0.0024137304,0.0012784253,0.0006312103,0.00019890038,0.0028807172,-0.0044834334,0.0,0.015688416,0.0026360843,-0.02985265,-0.00707318,0.00065731915,0.00019848702,0.0029499573,-0.0024232112
56,0.16870908,0,-0.028139772,0.009903255,0.004295565,-0.002515038,0.0040211407,-0.08813562,-0.027795823,0.004010982,-0.00044591754,0.0082470765,0.0025211927,0.0,-0.045994215,-0.01826449,0.057977125,-0.016568491,-0.05139962,0.0024822203,-0.0046025915,-0.0005695146,-0.12444588,-1.268109,-0.012540585,0.008439113,-0.0025141826,-0.00022695788,-0.0036187847,0.037639834,-0.007064642,0.0014673331,0.00010517466,-0.00024546531,-0.02256095,-0.0044834334,0.0,0.015104201,0.003562627,-0.033870097,0.0016480602,0.00073191535,0.00019848702,0.002077568,-0.002401465
57,0.15170388,0,-0.01060602,-0.0035823868,-0.0050990474,0.00312138,0.0017629252,-0.08417541,-0.013791699,0.00562441,-0.004577309,-0.009095841,-0.00793705,0.0,-0.009632069,0.032092407,0.021364136,-0.011102587,0.009061893,-0.002524174,-0.004151816,0.0045121084,-0.107574776,-1.7138455,-0.0117596295,0.01094907,-0.007844323,-0.00022695788,-0.0020369047,-0.009862547,-7.8624464e-05,0.0014485255,0.00010517466,-0.00024546531,0.005962964,0.010742812,0.0,0.012352686,-0.0017755774,0.17046113,0.0037518064,0.00061669474,0.00012230354,0.0007523382,-0.0018551124
58,0.12243533,0,-0.032695167,-0.009108366,0.0046541593,-0.0010865917,-0.012194606,-0.09109781,-0.029523047,-0.010548038,-0.0007630375,-0.008575108,0.0016985033,0.0,-0.012536926,-0.009920553,0.042587917,0.047231294,0.032878883,0.003048489,-0.001738997,-0.041715406,-0.11032768,-1.6951103,-0.013797767,0.014884157,-0.017758628,-0.00022695788,0.0032595552,-0.014854756,-0.00046846623,0.0029936433,-0.0011233636,-0.00024546531,0.005962964,-0.0034792733,0.0,0.012035813,0.0030941204,-0.022542462,0.002258469,-0.0105309915,0.00012230354,0.0007523382,-0.002336737
59,0.76625466,1,0.06835759,-0.0031897854,-0.009094515,0.0018280006,0.008448545,-0.06449055,-0.06162834,-0.009955125,-0.0037071062,-0.008966715,0.0023262086,0.0,0.012846276,-0.019382738,0.024246354,-0.002343569,0.06799258,-0.0035189819,0.003299605,0.008534059,-0.12202832,1.2555634,-0.009541208,0.015065901,-0.009106396,-0.00022695788,-0.009655319,-0.002262285,0.009746318,-0.041774925,0.00010517466,-0.00024546531,0.0041091833,-0.0034516947,0.0,0.029065259,-0.0017551093,0.04785362,0.0050978144,0.0017389823,0.00012230354,0.0018392205,-0.0018551124
60,0.16116695,0,-0.049448125,0.020021668,-0.00460457,0.0007288874,0.0052117947,-0.066878326,-0.032713886,-0.011235978,-6.646209e-06,-0.0102972,0.002758022,0.0,-0.046481825,-0.033745922,0.015251417,-0.017845977,-0.001149286,-0.0033175298,0.005470979,0.012406425,-0.0022706457,-1.313012,-0.015940567,-0.04576531,-0.014287701,-0.0008893729,-0.0033670538,-0.011974077,0.0013147251,0.0015068345,0.0006312103,-0.00024546531,-0.02256095,-0.004558251,0.0,0.015460534,0.0059567657,-0.033870097,0.0016480602,0.0006904054,0.00019848702,0.0029499573,-0.002586606
61,0.11928511,0,-0.016248578,-0.0021443258,-0.0034316487,-0.0010865917,0.0018899064,-0.0941156,-0.016395155,0.004069285,0.00030888745,-0.009095841,-0.00793705,0.0,-0.011496997,-0.014964056,0.058607686,-0.022150647,0.008820576,0.0021453782,-0.0014625638,0.002306757,-0.104569346,-1.726897,-0.0116273025,0.015945371,0.0090657715,-0.00022695788,-0.0037026142,-0.010327666,-0.00030574275,0.0015984594,0.00010517466,-0.0004945137,-0.02256095,-0.0032608309,0.0,0.0118910745,0.0033026962,-0.040456083,0.0016480602,0.0006941742,0.00019848702,-0.002017106,-0.0021166892
62,0.11640213,0,-0.045898817,0.0002254527,0.0042059794,-0.003564031,-0.009834345,-0.08237898,-0.02467159,-0.013040643,-0.0007630375,-0.008575108,-0.0074964487,0.0,-0.01166166,-0.0199188,0.007782352,-0.012581822,-0.081430875,0.0017869289,-0.0033220327,-0.0035658677,0.047855172,-1.7070332,-0.012014542,0.017609637,-0.018045159,-0.00022695788,-0.0018853355,-0.008711983,0.0006470204,0.0014673331,0.00010517466,0.00019890038,0.005962964,-0.0034050108,0.0,-0.01008797,-0.0017571582,-0.022542462,0.002077533,-0.009065997,0.00091274607,0.0007523382,-0.002336737
63,0.73711276,1,0.09235537,-0.0095459325,-0.0126108015,-0.0004359185,0.003250151,0.16344598,0.007664201,-0.011671284,0.0014267104,0.009910651,0.007576143,0.0,-0.0036053895,0.07250018,-0.0692048,0.0014229517,0.035398584,-0.012689197,0.0082909735,0.00934352,0.10845097,0.7514723,-0.007269753,-0.060478244,-0.00751722,-0.007002351,-0.0064235823,0.014926776,0.0008537546,0.0020394782,0.00020893454,0.0004113672,0.0023246482,-0.0014204417,0.0,-0.040793344,-0.012701567,-0.0073386966,0.0046370844,0.0019600212,-0.0012047028,0.0009183264,-0.0051356526
64,0.12465904,0,-0.039596345,-0.015059783,-0.006375624,-0.005679187,0.0025360025,-0.07387286,-0.028502438,-0.011319064,-6.646209e-06,0.0082470765,0.0015960138,0.0,-0.011623254,-0.031805895,0.011924064,0.047347277,-0.064708345,-0.0026523985,0.0047874963,-0.0023146523,-0.09250675,-1.6490734,-0.016192742,-0.028809873,0.059275366,-0.0008893729,0.0032595552,-0.008140318,-0.00050470466,0.0013757081,-0.0011233636,-0.00024546531,0.0043582367,-0.0035540909,0.0,0.012352686,0.0026907208,-0.022542462,0.0024171425,0.0006544359,-0.00074231264,0.0007523382,-0.0020402533
65,0.6440928,0,0.09705729,-0.006430452,-0.009542784,0.0010086091,0.0035254094,-0.08056716,-0.0018270131,-0.012557527,0.00030888745,0.015486088,0.004480443,0.0,-0.004600231,-0.027231365,0.026309764,-0.0030607325,0.030067869,0.0037211892,0.0018863766,0.010815763,-0.14803793,0.7218485,-0.011810569,0.016657233,0.002083803,-0.00022695788,0.00088317343,-0.0024778843,-0.0066558714,0.0023094197,0.00010517466,0.00019890038,0.0049237814,-0.0028512469,0.0,-0.03200763,-0.0015614796,-0.00734326,0.0033024205,0.002229781,0.00012230354,0.0007523382,-0.0053972295
66,0.41782245,0,-0.029084537,0.000883785,0.0033295236,-0.0016972923,0.0068701706,-0.088203974,-0.0025411935,0.0031232652,0.00030888745,-0.0139589105,-0.023919355,0.0,-0.007115948,-0.018380823,-0.10500461,-0.00061598135,0.021991786,-0.0051640794,0.0006295308,0.0038598191,-0.1982721,0.19418544,-0.012099077,0.007451785,-0.025248844,-0.00022695788,-0.0015924008,-0.0067708255,-0.005834826,0.0029458664,0.00010517466,0.00019890038,0.0060421843,-0.005261068,0.0,-0.029454421,-0.0019001737,-0.007392245,0.0009099545,0.001030014,0.00019848702,0.002077568,-0.0053972295
67,0.887732,1,0.061901204,0.0058798515,0.014856654,0.004797939,-0.0074399593,0.29142663,0.036626074,0.0072117085,0.00052634196,0.0052483995,0.003269713,0.0,-0.002842714,-0.019286577,0.045381565,0.009269589,0.03379412,-0.0075738756,0.002572536,0.013449833,0.08668371,1.4835835,-0.0031903742,0.024200285,-0.0023645256,-0.000709526,-0.00081124273,0.0065295952,0.0140193505,0.002556727,6.356338e-05,-0.0013458316,-0.008378187,-0.0018262308,0.0,-0.024219887,-0.0058409534,-0.00734326,0.00394464,0.0015467019,-0.005539847,0.0017679445,-0.0018900195
68,0.6100897,0,-0.08648499,-0.0094334055,-0.0003232991,-0.0022169047,0.007998036,-0.06570783,0.046469893,-0.011664381,-0.0020697236,0.014197595,0.0046823425,0.0,-0.00659138,0.028569676,0.02441874,-0.00011815033,0.05429082,0.005718292,-0.0019628964,0.0066081104,0.1007845,0.33549252,-0.009384321,0.022007536,0.017962098,-0.00022695788,-0.009315729,-0.0081255445,-0.0007999577,0.0023567728,0.00010517466,-0.00024546531,-0.019353878,-0.008605778,0.0,0.026534876,0.0029481659,-0.006836612,0.0002715232,0.001181204,-0.001983898,-0.0051509524,-0.0055823703
69,0.6076417,1,-0.08814574,-0.0006391686,0.00013346656,0.0042852685,0.0060425345,0.119340345,0.009201758,-0.019369604,-0.0007396139,0.011830144,0.00717318,0.0,-0.005130757,-0.023349294,0.011640911,0.011559312,-0.0041491627,0.011291996,0.001492488,-0.000778585,0.11945006,0.27721596,-0.0075645014,0.019351989,-0.015216213,-0.000709526,-0.013809948,-0.0049348525,-0.010862942,0.0022522958,0.00020893454,0.00019890038,0.0032202217,-0.005934752,0.0,0.039339542,-0.008555969,-0.0067830635,0.0009099545,0.0019050343,0.00019848702,-0.00585253,-0.0055823703
70,0.27015376,0,-0.037634578,-0.017192198,-0.0043020775,-0.002260883,0.00825751,-0.067388035,0.41028762,0.007065551,-0.00396082,0.00515678,0.0025438652,0.0,-0.043596655,-0.029622383,-0.09685016,-0.009264925,0.008003008,-0.0028249456,0.00839529,-0.032931566,-0.1293204,-0.9658877,0.10194191,-0.057216108,-0.0122840535,-0.0008893729,0.06735881,-0.014058414,-0.009473936,-0.013178144,0.00010517466,-0.00024546531,-0.016587775,-0.0029628042,0.0,-0.013136457,-0.0032354004,-0.030219486,-0.0044035013,0.0005798397,0.00019848702,0.002077568,-0.0021616344
71,0.4516463,0,-0.030663345,-0.008338946,-0.0018423777,-0.0032537794,0.0057152635,-0.08193753,-0.0053756614,0.0049289432,0.0012092558,0.011437274,0.004762159,0.0,-0.00729855,0.06777131,-0.1070708,0.014897309,0.011538757,-0.0064750086,0.010313239,-0.0018699708,-0.1821032,0.22926131,-0.011537662,-0.037229005,-0.025248844,-0.0008893729,0.0012181492,-0.008169756,-0.0047172955,0.0014046772,0.00010517466,0.00019890038,0.0060421843,-0.0054795104,0.0,-0.031003699,-0.004665886,-0.00734326,0.0022446185,0.0011037246,0.00012230354,0.002077568,-0.0051356526
72,0.87590235,1,0.07323538,0.0047786087,0.0050174966,0.0016111403,0.0031868299,0.1757312,0.030350652,0.0048352294,-0.0008844277,0.005793896,0.0055017252,0.0,-0.0025385893,-0.010097256,0.012497977,0.012049967,0.08017218,0.011423679,-0.00066540117,0.00806095,0.08526364,1.4606307,-0.005006772,0.025911449,-0.00029786958,-0.000709526,0.0040580323,-0.0021378933,0.015752558,0.00435844,0.00020893454,-0.00024546531,-0.0060949437,-0.0017858584,0.0,-0.029111018,-0.007566112,-0.007289712,-0.011258651,0.0020818664,0.00019848702,0.0020052087,-0.0021166892
73,0.18130414,0,0.030905785,-0.004422783,-0.0021617026,-0.0023772423,0.0055459123,-0.076810814,-0.010198115,0.0061785067,-0.004577309,-0.010299105,-0.008455164,0.0,-0.009000281,0.024026018,0.039338216,0.048291404,-0.041738696,0.0039002057,-0.005784231,0.0030356864,0.020871006,-1.7077656,-0.010093239,0.015797691,-0.015926536,0.00022536918,-0.0020369047,0.023740975,0.0016339768,0.0013239416,0.0006312103,0.00019890038,0.004844561,-0.0028512469,0.0,0.013876937,-0.001969207,0.17046113,0.0035931328,-0.009065997,0.00012230354,-0.0057044085,-0.0021166892
74,0.14716373,0,-0.011147971,-0.011387496,-0.0018956924,-0.0028316707,0.0024128573,-0.07712313,-0.014095511,0.004069285,-0.004577309,0.0082470765,0.0016985033,0.0,-0.010494558,0.032102816,0.014753584,-0.01634568,0.012416126,-0.0025300947,-0.0054254783,0.006947346,0.072013944,-1.7785698,-0.009378167,0.017873751,0.054222472,-0.00022695788,-0.00055514893,-0.009862547,0.00090998446,0.0014485255,-0.0011233636,-0.00024546531,0.0043582367,-0.005159729,0.0,-0.0098323515,-0.0017755774,-0.023005864,0.0025477936,0.00061669474,-0.001983898,0.0007523382,-0.0021166892
75,0.17159565,0,0.044308316,0.009668653,0.003326586,0.00064220227,-0.0036728384,0.1138754,-0.0039774836,-0.0073943078,0.0014267104,-0.010103698,0.0036987625,0.0,-0.010116312,0.050371725,0.004249851,0.040692437,-0.047741115,-0.013039364,0.0073261666,0.0006706013,0.073545374,-1.7604257,-0.008230048,-0.05168002,-0.006806939,-0.007002351,-0.006078542,0.028121026,0.0043959823,0.0011973914,0.00020893454,0.00019890038,0.0020496761,-0.0023863062,0.0,-0.01748028,-0.008967011,-0.022590041,0.0037518064,0.0008169139,-0.0012047028,-0.0027186833,0.0154360365
76,0.12705979,0,-0.025833536,0.008878218,-0.011101294,0.0007288874,0.0018182818,-0.07240166,-0.015694292,0.0014312298,0.0012092558,-0.009095841,0.0018328431,0.0,-0.011487265,0.04941487,0.01742393,-0.022148516,0.009834895,-0.002956528,0.00573677,0.0018730665,-0.04764267,-1.7459023,-0.010881468,-0.041449804,-0.007339717,-0.0008893729,-0.003518484,0.04407318,0.0012129414,0.0014046772,0.00010517466,-0.00024546531,0.005962964,-0.0033356484,0.0,-0.010882305,-0.0048595155,-0.040456083,0.0037518064,0.00061669474,0.00019848702,-0.002017106,-0.0018551124
77,0.16707781,0,0.04577831,-0.004163084,-0.004223204,-0.00030850543,0.0049695605,-0.08355842,-0.027322058,-0.007968105,-0.0007630375,0.0077974075,-0.00793705,0.0,-0.010604795,-0.0070149046,0.048423238,0.046937134,0.03379328,-0.001417783,-0.001738997,-0.0012533666,-0.10813251,-1.6996396,-0.013407815,0.016567044,-0.02138702,0.00022536918,0.0017693838,-0.005553176,-0.00034158851,0.0029458664,0.00010517466,-0.00024546531,0.004044419,0.010183689,0.0,0.013812771,-0.0015614796,0.16786377,-0.00707318,0.0006535503,0.00012230354,-0.002017106,-0.0021166892
78,0.8099832,1,0.05644159,0.006435052,-0.0052403454,0.0010650125,-0.010287741,-0.07494193,0.02536493,-0.007615504,0.0033605136,0.008161347,-0.011177614,0.0,-0.0037830381,0.044812687,0.026299736,-2.142333e-05,0.037377357,-0.0054341014,-0.003080555,0.010172633,-0.12937397,1.5042676,-0.00893376,0.006030425,-0.00895291,0.00022536918,0.0010722503,0.01073675,0.010955981,0.0021594856,0.00010517466,0.0004113672,0.0049237814,-0.0032332523,0.0,-0.021911414,-0.0021142715,-0.00734326,0.005668806,-0.01986404,0.00019848702,0.0018392205,-0.0021515964
