student_index,risk_probability,actual_at_risk,shap_age,shap_Medu,shap_Fedu,shap_traveltime,shap_studytime,shap_failures,shap_schoolsup,shap_famsup,shap_paid,shap_activities,shap_nursery,shap_higher,shap_internet,shap_romantic,shap_famrel,shap_freetime,shap_goout,shap_Dalc,shap_Walc,shap_health,shap_absences,shap_support_index,shap_risk_behavior,shap_engagement,shap_school_MS,shap_sex_M,shap_address_U,shap_famsize_LE3,shap_Pstatus_T,shap_Mjob_health,shap_Mjob_other,shap_Mjob_services,shap_Mjob_teacher,shap_Fjob_health,shap_Fjob_other,shap_Fjob_services,shap_Fjob_teacher,shap_reason_home,shap_reason_other,shap_reason_reputation,shap_guardian_mother,shap_guardian_other
0,0.72828305,1,0.19334552,0.05585341,0.10205448,0.023676232,-0.0013038137,0.5919493,-0.008706577,-0.10631252,0.0032040554,-0.046713267,0.011378828,-0.0049453406,-0.013077211,-0.06451304,-0.06952263,0.07415709,-0.29192123,-0.027539093,-0.065833315,0.03246167,0.45933157,-0.08549631,-0.041166097,0.029181113,-0.0031742842,-0.08756694,0.09772254,0.03228208,0.024546865,0.0012049121,0.0184369,0.05682023,-0.015779609,-0.00072569784,0.011642426,0.07064564,0.0005446372,0.027348567,-0.12442227,0.022736022,0.009203421,0.006916641
1,0.23220335,0,-0.1258291,-0.14293894,0.045925803,-0.014064315,-0.027310273,-0.31011915,-0.032013185,-0.12137503,0.0086437,0.032556035,0.0057326336,-0.0025474236,-0.0048719356,-0.02836496,0.20275448,0.020874128,-0.03199117,-0.04857627,-0.0537333,0.022579607,-0.31302696,-0.14041214,0.047055252,-0.0017206309,0.0027077652,-0.08911334,-0.029966466,-0.054937065,0.015090639,-0.022907741,-0.0077951984,0.0760348,-0.030566888,-0.0018287065,-0.015487927,-0.029165661,0.0005446372,-0.07921357,0.007325068,0.011012313,-0.020702014,-0.0021724622
2,0.31477848,0,-0.11985688,0.019198535,0.032670934,-0.02080539,-0.020102553,-0.32247823,-0.029156152,0.03624794,-0.0007062743,0.010472634,0.014439322,-0.0018630703,-0.0035596169,-0.07348048,-0.022567429,0.045015432,-0.19852766,0.05137013,-0.036473434,0.02472145,-0.20574325,-0.026464915,0.12156681,0.07137023,0.0014300593,-0.08299872,0.12633003,0.01748763,0.016084367,0.0019575008,-0.013745066,-0.3142558,-0.028077263,-0.0015123554,0.019264553,0.051347706,0.0006119943,0.021920634,0.007714109,-0.041431084,0.00844958,-0.0017431832
3,0.70533544,1,-0.009838642,0.076350965,0.06696414,-0.026318623,0.014014444,0.49300322,-0.012881842,0.07391542,-0.006291149,-0.023889914,0.004843706,-0.0020380886,-7.4721174e-06,0.12267545,0.2314413,0.07068693,-0.20071268,-0.026032934,-0.016035743,0.028817575,0.5041522,-0.02055228,-0.19871438,-0.043345854,-0.0028627308,0.070002906,-0.033594135,0.031680174,-0.28205624,0.0006754358,-0.009021942,0.060244016,-0.020232784,-0.0015804918,0.007656666,-0.046051964,0.0006119943,-0.08353377,0.008181943,0.021972954,-0.04617895,0.008713027
4,0.63374794,1,-0.08163638,0.008282203,0.07289566,-0.0019623342,0.04022267,-0.21950853,0.16282526,0.07415854,-0.017513394,-0.021700272,0.0144801065,-0.0009486358,0.00064581854,-0.03214693,0.20989548,0.047772177,-0.02517358,0.045498446,-0.05364734,-0.006357885,-0.29369357,0.5395294,0.05869372,-0.013413362,0.003594286,0.06450155,-0.022365604,-0.04446222,0.023014076,0.0012294878,0.004816413,0.07501585,-0.026313776,-0.0018287065,-0.018936757,-0.021181,0.0006119943,-0.09829102,0.00806892,0.039062385,-0.031489037,-0.0019192765
5,0.703571,0,0.19314145,0.077338345,0.06938552,0.015356859,0.017004484,-0.2845813,-0.022605853,0.055843506,0.009482453,-0.025896158,0.008951893,-0.0045874105,-0.0011988905,-0.036440253,0.21047866,0.061882872,-0.040809702,0.04797786,-0.05464392,0.026060633,0.44439846,-0.0354502,0.15759072,-0.059239324,0.004459483,-0.10624967,-0.009878612,0.02971851,0.026526362,0.001634135,0.015485367,0.06649752,-0.023966078,-0.001984639,-0.01574198,-0.018402683,0.0006119943,-0.058691896,0.0086222,0.023158086,0.0072904793,-0.0021724622
6,0.6792004,0,0.18763812,-0.08172991,0.095167994,0.007064337,-0.031782087,1.192752,-0.018499244,0.048014842,0.0021717767,-0.018447492,-0.039376467,-0.0011905129,-0.00033568195,0.12725495,-0.16629574,0.019759366,-0.0555393,-0.03429249,0.05262353,0.013165678,-0.26665822,-0.045713138,-0.2259179,-0.090736404,-0.012099648,0.045054294,-0.032329015,0.029859835,0.01784021,-0.016421098,-0.024736065,0.04039565,-0.018254163,-0.00082098774,-0.015279012,-0.044438306,0.0003491269,0.022703944,0.0076854737,0.012945909,-0.029837966,0.010378599
7,0.4382215,0,0.15711764,0.0008498204,-0.2401887,0.005885504,0.0120871095,-0.27461436,-0.029454218,0.040797595,0.0040304293,0.027478492,0.0113735385,-0.0015961503,-0.0026226202,-0.04658301,0.003938831,0.027055262,0.115669906,0.06054704,-0.02171125,-0.23061065,0.0834155,-0.051158883,0.22438128,0.020200508,0.005018459,-0.036013458,0.042121936,-0.06260345,-0.21759842,0.00533352,0.022154901,0.078378566,-0.026099917,-0.0010217944,-0.020685483,-0.028386464,0.00036001997,0.0223263,0.0069238413,-0.025413183,0.004281623,-0.0017529675
8,0.45965645,1,0.12681776,-0.11186673,0.055152677,0.009098474,0.013837355,-0.25934154,-0.029415214,0.064449236,0.016976612,-0.03305835,0.010154204,-0.0014697859,-0.0013486047,0.051320076,0.0042678844,-0.026253995,0.1931146,-0.048137438,-0.012930669,-0.019338174,-0.19484282,-0.05489691,0.035499718,0.014342603,0.0038148551,0.044545922,-0.024639037,-0.08713411,0.023501195,0.004427488,0.022549722,0.08475537,-0.028626403,-0.0015981265,-0.019347662,-0.02320752,0.0006119943,-0.086731024,0.009250447,0.008725898,-0.035462268,0.052702196
9,0.6876005,0,-0.12705228,0.0853921,0.094437905,-0.0072827446,0.010964791,0.6470874,-0.016866662,-0.10597428,0.0033352037,-0.048181403,0.009373972,-0.0049590087,-0.0072198086,0.06739766,-0.026873482,0.035163026,0.24135609,-0.034183837,-0.07761192,0.014988326,0.48698044,-0.11120963,0.038704515,-0.055869825,-0.00058351824,-0.088369854,-0.033555318,-0.10303091,0.032126497,0.0025049364,-0.010620294,-0.21057478,-0.015552193,-0.0018084518,-0.015066546,-0.037708603,0.0005446372,0.02193316,0.0076277936,0.023322422,0.011299788,0.0065355585
10,0.33939868,0,-0.14856683,-0.15216559,0.07467054,-0.018056417,-0.03297894,-0.2768466,-0.044111174,0.051357638,0.009547391,0.008254859,0.006857062,-0.0015692232,-0.0010758465,0.14032623,0.18760762,0.004589343,-0.18413502,-0.030889953,0.07229989,0.03323748,-0.29983696,-0.070734814,-0.13991395,-0.09513616,0.002870314,0.08577695,-0.03864322,0.021550486,0.013473561,-0.021942388,-0.006359435,0.07994544,-0.03169515,-0.0011071065,0.002897395,0.08717869,0.0006119943,-0.06599197,0.0070570707,0.010702963,0.008756017,-0.0017913799
11,0.4609863,0,-0.024416825,-0.20138839,-0.30698952,-0.011252524,0.008107033,-0.2969291,-0.03429223,0.057361256,-0.0031181776,0.017010422,0.0073152576,-0.0020380886,-0.0056494414,0.06409544,0.18209757,0.041091464,0.1840902,-0.042852502,0.080421194,-0.25569993,0.3961918,-0.059654295,0.019527812,-0.05201879,-0.044468466,0.07553863,-0.02117097,-0.10903851,0.028586825,0.004862306,-0.007823768,0.0699427,-0.032216046,-0.0012523744,0.0115113715,-0.02407088,0.00036001997,0.021841278,0.0070509305,0.015752126,0.0010093417,-0.0018011639
12,0.41108078,0,-0.13640061,-0.20826715,0.09763599,-0.01390469,0.01618107,-0.2813724,-0.032355357,-0.120735906,0.003101643,-0.03647045,0.0039203833,-0.0027224422,-0.0016459018,0.1388233,-0.03716867,0.0029936437,-0.053224556,-0.034412116,0.07830274,0.023857778,0.36876413,-0.15187483,-0.15384577,-0.051486783,0.0028915608,0.093094654,-0.044807468,0.02767089,0.022085335,-0.022844307,-0.008080809,0.07207475,-0.030169941,-0.001124741,0.0089085,0.08708131,0.0005446372,-0.054453567,0.007531647,0.022110187,-0.045585286,-0.0021242655
13,0.2870986,1,-0.16515943,-0.21581993,-0.2830383,-0.017294647,-0.036023673,-0.31011456,-0.038660727,0.055061445,-0.003977582,0.0006309467,0.0052502407,-0.0020380886,-0.0052817105,0.14932513,-0.0460093,0.0415106,-0.038499605,-0.03349126,0.060799725,0.024923597,0.34550703,-0.072388686,-0.15560453,-0.063209854,0.0020209989,0.091497995,-0.043169685,0.028321039,0.021311622,0.0016809592,-0.0075149746,-0.29293627,-0.03398636,-0.0018084518,0.005853701,-0.020219538,0.0006119943,0.018104997,0.007862304,0.018428687,0.011775364,-0.0017529675
14,0.30242035,0,0.28291503,0.03188367,0.07220537,-0.0153849665,-0.021672754,-0.25366622,-0.013778358,-0.08640527,-0.0021212727,0.035761327,-0.002134225,-0.004562506,0.014843767,-0.07970348,-0.14246286,-0.1724522,-0.07443316,-0.03144193,0.046797223,0.030989258,0.38655603,-0.08240419,-0.2163053,-0.007315664,-0.0053596743,-0.1161878,-0.038162917,0.019536331,-0.23689596,0.0011358091,-0.013818247,-0.2468802,-0.008403148,-0.0018084518,-0.012563082,-0.042123962,0.00028176984,0.02374791,0.007219151,0.021625433,-0.025428485,0.05457535
15,0.6094281,0,-0.15313293,0.04315019,0.060647007,-0.010421175,-0.010907316,0.5527252,-0.019191116,-0.073293656,0.00074295164,0.026457656,0.012600794,-0.0019506415,-0.006538257,0.06262254,-0.0076512536,0.04072124,0.16060792,0.054555986,-0.06159974,0.0236086,-0.3543535,-0.118508235,0.21801274,-0.026448455,0.00013466665,-0.044919968,-0.03303757,-0.03562365,0.022392396,0.0029404932,-0.013402681,0.060563806,-0.017585305,-0.001177727,-0.017161272,-0.044506293,0.0005446372,0.033433214,0.005082857,0.009348447,0.010886514,0.0065355585
16,0.17512377,0,-0.14624128,0.070323505,0.03559415,-0.014681444,-0.01636049,-0.2548,0.18636708,-0.12546723,0.010744515,-0.032878943,-0.0193501,-0.0022805035,-0.0010752532,-0.08311737,-0.18581307,0.033270847,-0.23737073,-0.021609753,-0.024906358,0.018209819,-0.34261808,-0.0644779,-0.19107085,-0.08059963,0.0027811292,-0.12829275,-0.049282093,0.020259429,0.015014163,0.0008640629,0.013326283,0.073473625,-0.011253264,-0.0013499118,-0.0038405685,-0.033700563,0.0003491269,-0.07304842,0.0061163013,0.011243327,0.011093901,-0.0012890147
17,0.31362072,0,-0.18674155,-0.1131956,0.04462113,-0.011052499,0.013859531,-0.29649377,-0.03756331,0.057206504,0.008826541,0.010578098,0.0093626585,-0.0015961503,-0.00224558,-0.051954176,-0.008617454,0.044737734,-0.025701733,0.036868684,-0.05935115,0.019339547,-0.34587556,-0.051871248,0.06852813,0.014986134,0.0035067338,-0.09999202,-0.040603366,0.014137466,0.016961988,0.0017455331,-0.0077869915,0.08334447,0.10183954,-0.0015981265,-0.0138989845,-0.020075008,0.0015003021,-0.072584644,0.008760385,0.00913206,0.0096887015,-0.0019832125
18,0.31330466,0,-0.09158364,-0.098272204,0.025717407,0.018832745,-0.13049144,-0.27371296,0.14506258,0.05040602,-0.004975964,0.008539362,-0.050114233,-0.001806235,-0.0034706523,-0.07186402,0.16574232,0.03966191,-0.07682908,-0.024428686,0.037761107,0.028237425,-0.2301751,0.39357495,-0.2054423,-0.058569685,0.0016954793,-0.10188275,0.08157575,0.019538643,0.01567232,0.0017555731,-0.011195362,-0.3080781,-0.03606615,-0.0020390318,-0.028200326,-0.027089197,0.0006119943,0.024646997,0.004907254,-0.10419417,0.005540639,-0.0017182934
19,0.33500192,0,-0.12000334,0.039123375,0.10369055,0.040997703,-0.016382372,-0.25217402,-0.03236293,0.06792141,-0.0021766033,-0.01427353,0.007258789,-0.0045874105,-0.0019408163,-0.09972259,-0.063386105,0.050177936,-0.28586003,-0.025153678,0.048117705,0.023080766,0.31899446,-0.029455706,-0.22916953,-0.061566174,0.002870314,-0.14327776,-0.03813223,0.024207007,0.020325294,0.0009386768,0.010331509,0.06261364,-0.025884612,-0.0007735797,-0.0041636745,-0.032659043,0.0006119943,0.01848145,0.007968008,-0.10572017,-0.030793585,-0.0017431832
20,0.41146284,1,-0.13787933,-0.1885296,0.044931263,-0.008915957,-0.027656337,-0.3046713,-0.023812793,-0.092317134,-0.004987263,0.03067189,-0.02761253,-0.004880912,-0.0055232244,-0.048804693,-0.20790595,0.0018964387,0.27530345,-0.036927473,0.074388355,0.021878162,0.3382128,-0.11346014,0.06404709,0.019324917,0.0028415886,-0.11219501,-0.032911472,-0.089307375,0.027212111,0.004862306,-0.011498316,0.07762221,0.03374473,-0.0010217944,-0.011616288,-0.029502295,0.0005024924,0.026527325,0.00455142,0.020498293,0.008977791,-0.0019832125
21,0.41889054,0,-0.12176113,0.09048335,0.11472735,-0.0055342666,-0.01591861,-0.28939685,-0.028431404,-0.08254775,-0.0026049153,-0.045925044,0.008493421,-0.0014833293,-0.0025700643,-0.028818075,0.15843362,0.017181303,0.16712005,0.059335385,-0.06483025,-0.1677645,-0.3016261,-0.13822556,0.19560955,0.0037877017,0.0027200484,0.04793655,-0.021815281,-0.056507524,0.025954494,0.004781226,-0.0123445885,0.07308406,-0.023022404,-0.0012523744,0.01331943,-0.03042076,0.00029266288,0.030126663,0.00656983,0.008777894,0.0009046567,-0.0021724622
22,0.50545096,0,-0.1096722,0.018182628,0.039829563,0.015706455,-0.022850553,-0.2751812,-0.026980624,0.048658356,0.016974978,0.015627913,0.014703924,-0.0018630703,-0.0047031883,-0.0316093,0.1455922,0.04187649,0.1061317,0.054397833,-0.054241534,0.021452837,-0.28943697,-0.028048033,0.19383876,0.0384179,0.0034529164,-0.06917427,0.045955617,-0.03858668,0.022884713,0.004480966,-0.010428598,0.076866336,0.09613283,-0.001984639,-0.016313953,-0.026395218,0.0015003021,-0.0719092,0.004546898,0.008400264,-0.020401474,-0.0020314092
23,0.7223966,1,0.1463227,0.093278416,0.10117724,0.012262376,-0.029480793,-0.2610575,-0.026991554,-0.08771401,-0.0072447713,0.03801009,0.007390962,-0.0016508956,0.005688118,-0.055689573,-0.016378794,0.0029052787,0.260986,-0.02016729,0.075821154,0.016844273,0.5126679,-0.11723728,0.007866275,-0.049539868,0.0034289581,0.07723906,0.0549207,0.034361355,0.03283234,0.003851192,-0.00738039,0.05745484,-0.018804459,-0.0010217944,-0.010594463,-0.034107774,0.0005446372,0.026766708,0.009573282,0.025006063,0.008562717,-0.0023252484
24,0.60702294,0,-0.06093268,0.04119037,0.06772834,0.026315916,0.0039033336,0.280299,0.11284469,0.039181177,0.010400257,0.011002213,0.015236121,-0.0009830149,0.0018365859,-0.07896816,0.16405107,-0.0012496236,-0.21576688,-0.024572132,0.038118087,-0.22245775,-0.22409686,0.5312233,-0.24380857,0.0077361115,-0.0029342782,0.04873503,0.07354517,0.018617416,0.016618952,0.0006008219,-0.0124042425,0.040866856,-0.020112997,-0.0015804918,-0.022081768,-0.056201633,0.00036001997,-0.0796074,0.007253685,0.041381147,0.006689949,0.008834144
25,0.25324705,0,0.012140642,0.067290574,0.08696886,-0.013137547,0.015501946,-0.27587378,-0.03460902,-0.1085477,-0.0033972685,-0.04529282,-0.025077041,-0.0022805035,-0.0002201357,-0.0429364,-0.012458489,0.03503145,-0.08060801,-0.027810454,-0.009904155,0.026564408,-0.31739584,-0.13804299,-0.035881504,-0.12400361,0.0031335326,-0.1108198,-0.031333733,0.026093034,0.02003865,0.0012294878,0.0056915972,0.078781955,-0.023334181,-0.0010217944,-0.013220087,-0.032610755,0.0005446372,0.026026199,0.006969769,-0.039435282,-0.030002192,-0.0021242655
26,0.70104665,1,0.19212116,0.0323727,0.062231623,0.0048245876,-0.010540199,0.5305846,-0.0146574695,0.035035245,-0.014977399,-0.027186371,0.017414317,-0.001763633,-0.001341487,-0.031108221,-0.013802456,0.030875219,0.15953007,0.055445515,-0.06002237,0.035784528,-0.33531305,-0.030364389,0.22549115,0.010282595,-0.019851793,-0.043181032,0.060870416,0.022829894,0.025414275,0.0030091233,0.027829906,0.056250058,-0.018693823,-0.0015981265,-0.02702998,-0.038632438,0.0006119943,-0.112941995,0.008981927,0.009184818,-0.022270879,-0.017415952
27,0.6080741,1,0.18206707,-0.027014304,0.0009636278,-0.008652949,0.013112229,0.9601764,-0.01494207,0.053834654,-0.000352181,-0.017672598,-0.037211176,0.008045302,-0.0054869717,-0.071782395,0.24346857,0.02285746,-0.2613629,-0.032391887,0.041641805,0.036551982,-0.24499142,-0.11864454,-0.28638238,-0.11503513,-0.010453449,0.041975703,-0.027651444,0.02711823,0.015054214,0.0008725682,-0.02944696,0.041425873,-0.0152057735,-0.00064542866,-0.018800182,-0.045926794,0.0005446372,0.03206206,0.007404196,0.013526533,-0.017922817,0.016492076
28,0.7300625,0,-0.12811826,0.042942286,0.070446864,0.02983623,-0.036185626,1.3085531,-0.02042715,0.04267666,-0.0013072747,0.003891138,0.0223177,-0.0012899501,0.00030362754,0.12411259,-0.039075315,0.040952507,-0.2231944,0.022802806,-0.066163026,0.0119032655,-0.19172007,-0.032993738,-0.029707039,-0.09987605,-0.0017496669,0.040923562,0.1391913,0.028620068,0.01670788,0.0007069287,-0.01368937,-0.15335494,-0.016725786,-0.0007694422,0.008910545,0.06658295,0.0006119943,0.00951076,0.008790489,-0.05084476,-0.03433207,0.0071634506
29,0.34718415,0,0.11448156,0.07142523,0.06600864,-0.004764882,-0.04613241,-0.27440196,-0.036036048,0.06790717,0.0016765723,-0.023013491,0.005245156,-0.0009148903,-0.0008836882,-0.05408495,-0.008896632,0.046858203,-0.05740967,-0.025413712,-0.007298073,-0.017546946,-0.38348988,-0.05641681,-0.010271555,-0.12071636,0.004459483,0.07277252,-0.024732016,0.02459398,0.022445438,0.001464032,-0.008106806,0.079838246,-0.024042418,-0.0010217944,0.0066519566,-0.02292054,0.0006119943,0.023343898,-0.13860117,0.010250152,0.009763051,-0.0021242655
30,0.15858553,0,-0.15722184,-0.14433742,-0.21184927,0.013909377,0.014034887,-0.2868791,-0.0466593,0.045014516,-0.004544301,0.0030716164,0.0055979406,-0.001462334,0.009159957,-0.07825243,-0.0321718,-0.008812634,-0.05629628,-0.03853562,0.03898907,-0.0130946385,-0.29136303,-0.06699114,-0.21634229,-0.12409883,0.003052027,-0.11422545,-0.043564487,0.015736768,0.018444272,0.0016809592,0.008473946,0.08654254,-0.03620128,-0.0010217944,0.012393355,-0.028856648,-0.007448652,0.029303148,0.007495491,-0.032910265,-0.024600618,-0.0019539504
31,0.44156992,0,-0.15624352,0.09454132,0.13369498,-0.020658111,0.015876796,-0.25377044,-0.029252922,0.04373081,-0.0036374053,-0.014677713,0.008154634,-0.0015592558,-0.0011622825,-0.07964717,-0.062156126,-0.0018518495,-0.3119154,-0.017196873,-0.020894598,0.012131417,0.38130707,-0.03769509,-0.16735613,-0.07196343,0.0025233428,0.1016048,-0.04767966,0.025089439,0.021585952,0.0011496259,0.015477432,0.075168215,-0.021023043,-0.00072569784,0.005583077,0.056600213,0.0006119943,0.017395716,0.007905699,0.021870539,-0.041990634,-0.0017431832
32,0.33050996,0,0.008229486,-0.132355,0.077117845,-0.008101299,-0.015238065,-0.24963789,-0.04327813,0.043546364,0.0011407493,0.01955618,0.0071241143,-0.0011898276,-0.002143386,-0.08764195,0.0010007306,0.006969585,-0.056882918,-0.032411605,0.058496147,0.026737174,-0.3086255,-0.054293055,-0.19595551,-0.12175248,0.003411694,0.0716263,-0.030087214,-0.06488887,0.016194312,0.002041136,-0.0117087355,0.089838944,0.1008913,-0.0009739125,0.009634732,0.081068374,0.0015003021,0.021422913,0.007716887,-0.040126644,0.010126177,-0.0019832125
33,0.4363681,1,-0.03178301,-0.084373,-0.21746081,0.001823687,0.03521609,-0.20846362,0.18690315,0.065754734,-0.023003116,-0.030722545,0.0089091845,-0.0009486358,0.003260532,-0.05665797,-0.0011969503,0.029239167,0.16140783,-0.027812203,0.051789783,-0.24671812,-0.29176524,0.5945082,-0.005405776,-0.021643767,0.004287498,0.059527528,-0.031289622,0.020705543,-0.2590042,0.004862306,0.008000437,0.068253376,-0.029967986,-0.0015981265,0.013640455,-0.029061597,-0.003812708,-0.09914154,0.006660438,0.028025778,0.006635094,-0.0014997819
34,0.29805392,1,0.0021617205,0.0548015,0.094565816,-0.0069810958,0.015538446,-0.24129103,-0.033440277,0.046035103,-0.0031433632,-0.021594303,-0.029170558,-0.0011898276,-0.00010487344,-0.07481833,-0.20359088,0.03668524,-0.058282524,-0.020098455,0.053622115,0.023349289,-0.37514925,-0.04693196,-0.20591655,-0.042033013,0.0032901536,0.07223171,-0.040362235,0.019547435,0.01861616,0.0009386768,-0.018078903,0.08593784,-0.011890462,-0.0010217944,-0.012095221,-0.037396964,0.0003491269,0.033777237,0.0068156533,0.0109040355,-0.037047487,-0.0021242655
35,0.28700718,0,-0.13070086,0.03607979,0.013388444,0.040049903,-0.026995625,-0.29627144,-0.021241814,-0.08339794,-0.010125873,0.02717362,0.005045163,-0.004880912,-0.003696364,-0.09596599,-0.1865024,0.0041041765,-0.2897262,-0.025922423,0.06951015,0.0283822,0.32908052,-0.110025354,-0.22354575,0.0135811465,0.0018459146,-0.12445682,-0.05409466,0.018592745,0.018607652,0.0012242398,0.013728222,0.071135454,-0.008732999,-0.0008765264,0.00648819,0.07696038,0.00028176984,-0.07893084,0.0071915505,0.021478457,-0.024064332,-0.0017431832
36,0.18995064,0,-0.014589919,0.027212758,0.04920761,0.012316372,0.013460523,-0.31153217,-0.033018604,-0.14381526,0.00082313735,-0.053010836,0.0024375492,-0.0022191973,0.008196376,0.08054896,0.14749216,0.013822366,-0.061478227,-0.033101693,-0.022944821,0.03683766,-0.27469358,-0.14215411,-0.050069265,-0.15140367,-0.023780715,0.05983388,-0.029982224,-0.08840438,-0.18625356,0.0012294878,-0.004864652,-0.28837585,-0.02377301,-0.0020390318,-0.010353954,-0.032786887,0.0005446372,0.023227667,0.00899806,-0.041189723,0.003685069,-0.002373445
37,0.2776025,0,-0.18679479,-0.11890288,-0.19629735,-0.012965381,-0.02598842,-0.31020883,-0.046680354,0.04420426,0.000943781,0.0103891,-0.01931574,-0.0019755461,-0.0022482132,0.0716921,0.19766532,0.033994224,0.0024562953,0.06397302,-0.05222856,0.022936894,-0.28654024,-0.06142254,0.101810776,-0.11454299,0.003129338,-0.08131804,-0.017741123,0.011518881,-0.1699569,0.0019571688,0.0062327734,0.0651775,-0.03623659,-0.0013604251,0.0051140627,0.040136766,0.0006119943,0.023400946,0.004513195,-0.022456218,0.010734287,-0.0018011639
38,0.34307674,0,0.15016612,0.03198523,0.063855544,0.015400023,-0.01986244,-0.31115806,-0.01577044,-0.1037344,0.0017577182,-0.045528337,-0.04477469,-0.004880912,-0.0050809365,-0.06824711,-0.050753277,-0.013545722,-0.25559586,0.053778965,-0.034859736,0.020262871,0.36285964,-0.085779406,0.025511466,-0.004172672,-0.018893398,-0.09207738,0.08023819,-0.11528763,0.020140823,0.001464032,-0.012755479,-0.25501153,-0.021143652,-0.0015602373,-0.015160047,-0.028343815,0.0005446372,0.020876339,0.008272088,0.024242708,0.0067465375,-0.0017431832
39,0.316432,0,0.19671851,0.07163606,0.11553947,-0.00709669,-0.048023306,-0.3155277,-0.036369227,-0.06823358,-0.0006910978,0.037287697,0.0064266752,-0.0022805035,4.7791284e-05,-0.035029065,-0.00017010006,0.022087645,0.23836896,-0.032891314,-0.07438454,-0.021726022,-0.40723735,-0.12054225,0.029903915,-0.12420926,0.0039269486,-0.07771201,-0.021265995,0.021098286,0.021444874,0.003892725,-0.006349389,-0.26685232,-0.021437995,-0.00176057,0.008614194,0.067446075,0.0005446372,0.01561551,0.009078924,-0.04140868,0.005422519,-0.0021242655
40,0.42200038,1,-0.12222931,0.029445099,0.055017218,-0.01673674,0.040999513,-0.19901443,0.18340938,0.046612427,-0.018251402,0.011885673,0.009755934,-0.0013893377,-0.00084648805,-0.08068721,-0.03641939,0.042444725,-0.26804018,-0.024349013,0.04693851,0.022248171,-0.23684737,0.6299682,-0.1936122,-0.07086639,0.0028363261,-0.11840705,-0.04429289,-0.04718729,0.016154328,0.0008640629,0.020016715,0.072811045,-0.023336394,-0.0013499118,0.012287231,-0.038536325,0.0006119943,-0.098449476,0.0071118297,0.034048826,-0.045900427,-0.0012890147
41,0.28805715,0,0.13128723,0.032517686,0.0853999,0.019039184,-0.017729498,-0.2719165,-0.023954475,-0.10839222,-0.014182463,-0.05484222,-0.029985784,-0.002926819,-0.0018599743,0.08320817,0.19281241,0.04076977,-0.18589327,-0.03562955,-0.04186121,0.016454177,-0.35102272,-0.111184984,-0.16343191,-0.010756087,-0.027714398,-0.09227004,-0.030348241,-0.061817493,0.013498957,0.001458784,0.009418662,0.066823035,-0.022146435,-0.0011071065,0.00810663,0.09629955,0.0005446372,-0.10431255,0.0075683245,0.006386143,-0.03735954,-0.0017913799
42,0.3856752,0,0.00041937784,0.076532,0.07506406,0.020572985,0.017101018,-0.22948653,-0.034971338,-0.08412465,-0.0038768565,0.037236642,0.008579088,-0.0018398017,-0.0013302587,-0.07733511,0.17338532,-0.0054034004,-0.20310634,-0.015994603,0.061555788,0.0151451975,-0.33287776,-0.15588614,-0.18951248,-0.13014631,0.0026186532,0.06700272,0.09899063,0.02219847,0.015031756,0.0012242398,-0.008344284,0.079491176,-0.022160316,-0.0009562778,0.008854273,0.111058086,0.0005446372,0.030727569,0.0077083376,0.010123139,0.004646809,-0.0019923628
43,0.56775016,1,0.19594239,-0.16107151,0.03823696,-0.010645689,-0.024709351,-0.3132039,-0.028123736,0.03609703,-9.6731936e-05,-0.024099292,0.008899283,-0.004867369,-0.0036568837,0.067414336,-0.21996123,-0.019312756,0.21027282,0.044940304,-0.09341934,0.020055145,0.36443838,-0.054248065,0.16082734,-0.07925368,0.0038148551,-0.10471609,-0.023900863,0.032114375,0.026924402,0.0051633045,-0.014479644,0.07067355,0.04262987,-0.0010217944,-0.010303331,-0.010130776,0.0012374347,0.017443093,0.0091807535,0.018313525,0.013259537,-0.0019832125
44,0.890225,1,-0.12155209,0.025972266,0.06533773,-0.00018960412,0.013209235,1.1338311,-0.013857633,-0.07864331,-0.008334675,0.026894828,-0.03885884,-0.0024431688,0.0026016138,0.08070391,-0.032286804,0.070057295,0.26512316,-0.025709786,0.078776054,0.003718992,0.439882,-0.11118951,0.06851216,-0.019433886,0.00035415913,0.05087912,-0.029517952,0.034375068,0.030310245,0.0025464694,-0.009552369,0.03939278,-0.01208811,-0.00092393445,0.015113018,0.081940316,0.0005446372,-0.06055184,0.0054941145,0.0228116,0.009614185,0.0021746107
45,0.3419589,1,-0.14573407,0.024312655,0.07176531,-0.007581278,0.013539095,-0.2895792,-0.030161452,0.06404447,0.007902346,-0.018357983,0.010034069,-0.0010903903,-0.002298957,-0.047726255,-0.0029430757,-0.008174492,0.20849146,-0.023281544,0.075582504,0.02633747,-0.19394225,-0.049054835,0.017782561,0.01586642,0.0023840982,0.06190795,-0.0352058,-0.07824104,0.02418579,0.003744559,-0.013778374,-0.33638477,-0.02352228,-0.0018084518,-0.012143751,-0.032225624,0.0006119943,0.020387348,0.007513137,-0.050979793,0.007365847,-0.0021242655
46,0.56964,1,0.016855491,0.007776796,0.018120866,-0.010956131,0.008052253,-0.20050405,-0.025276514,0.049430717,-0.022074927,0.01888541,0.011292353,-0.0015692232,-0.0011156122,0.07454633,-0.16065323,0.035485834,-0.04563335,0.040692262,-0.06821874,-0.2406429,0.30918035,-0.025893757,0.032598935,0.37554342,0.0027612415,0.019208292,-0.038999386,-0.06738957,0.018187167,0.0019266623,0.03191841,0.085304454,-0.011778204,-0.0010217944,-0.025881607,-0.028035322,0.00027948382,0.016066356,0.009024814,-0.029192427,0.0143101625,-0.00023326451
47,0.40723708,0,0.015680712,0.018431637,0.07929081,-0.0058548884,0.015586472,-0.2795922,-0.02663601,-0.09815399,-0.008257608,0.03516605,-0.032149166,-0.0018741809,-0.00052180956,-0.041023023,-0.16630024,0.03017651,0.20624162,-0.020673718,-0.07409441,0.02827261,-0.22542359,-0.13015252,0.034813114,0.014432564,0.0041914447,0.046048738,-0.033484727,0.025312107,0.02273288,0.00404541,0.019552533,0.088882506,-0.00885054,-0.0010217944,-0.01178033,-0.038066026,0.00028176984,0.030531066,0.0055445563,0.009071204,0.008345366,-0.0021242655
48,0.26379412,0,-0.12727855,0.023126619,0.061928425,0.013948662,-0.02972097,-0.28895575,-0.03449095,-0.10882538,-0.008644301,0.028223295,0.006623844,-0.0026598992,-0.00087447034,0.0956257,-0.1639811,0.034739137,-0.056168187,-0.030613322,-0.06433638,-0.013588562,-0.17617895,-0.15614387,0.025607252,-0.078837276,0.0031208368,-0.09210744,-0.048510917,0.024662033,0.020677991,0.0012294878,-0.009017194,0.08503714,-0.011656776,-0.0010217944,-0.010612418,-0.0377693,0.00028176984,0.025392773,0.008909269,-0.03286332,0.013501877,-0.0021242655
49,0.26601505,1,0.014843499,-0.11794341,-0.27433836,-0.013899125,-0.02784527,-0.32234862,-0.043616228,0.032884583,0.0032142021,0.013753107,0.008336375,-0.0010903903,-0.0035695897,-0.04661339,-0.2540518,-0.007913452,0.17192148,-0.029998345,-0.08408021,0.029689845,-0.27233967,-0.08442316,0.04091052,-0.119763315,0.0043519107,0.051992636,-0.033945225,0.028392205,0.024790665,0.0049038394,-0.01130209,0.085014164,0.048440214,-0.0009739125,0.0073685176,0.040105958,0.0012374347,0.018185927,0.006685068,0.0042812163,0.007424124,-0.0016119145
50,0.2591654,1,0.012701365,0.013272252,0.042735796,-0.007758515,-0.03501821,-0.26116833,-0.03695699,-0.10973642,-0.0158347,0.034608938,-0.015022656,-0.0018398017,0.0026538903,-0.076347075,0.1686776,-0.0051299455,-0.06465776,-0.026219806,0.045112804,0.030302035,-0.36918393,-0.1631393,-0.2239794,-0.11146276,0.003025797,0.07486635,-0.023286453,0.021396957,0.017192243,0.0009386768,0.00857696,0.07556593,-0.023315996,-0.0018287065,-0.008762231,-0.039925747,0.0005446372,-0.08939717,0.0064148614,0.009985669,0.005456916,-0.002373445
51,0.71946687,1,-0.21136732,-0.08225884,-0.14672753,0.008018772,0.011829791,1.5381868,-0.019907711,-0.07627452,-0.005736066,-0.024229147,0.014047503,-0.001316532,0.001929894,0.06961124,-0.028417131,0.041385647,0.16275641,0.042031504,-0.075224444,0.013849814,-0.2615008,-0.11641396,0.10103728,0.0027363866,-0.00046197788,0.01991637,-0.040025923,0.026053216,0.022895966,0.0037983314,-0.010699233,-0.16563942,-0.02043233,-0.0010176569,0.015007961,0.06785518,0.0005446372,0.012347246,0.0069171158,-0.027932648,-0.015905285,0.0025459088
52,0.41876692,0,-0.009000694,-0.20642164,0.08601349,0.01420035,-0.024805155,-0.2590061,-0.033568077,0.07035712,0.001131139,-0.024452023,0.0058297478,-0.001658693,-0.0013074919,-0.09113596,-0.042366114,0.04501324,-0.06972419,-0.031452883,0.051503364,0.020249626,0.33204234,-0.038006596,-0.21101478,-0.090923764,0.003411694,0.09217874,-0.03242982,0.03388807,0.02365713,0.0017555731,0.017784832,0.08384132,-0.033661522,-0.0010217944,-0.0070080776,-0.029706366,0.0006119943,0.018977985,0.008047544,-0.09680846,0.011267069,-0.0021242655
53,0.34825155,0,-0.102109715,-0.124861695,-0.22192824,-0.011282783,0.014986023,-0.30602944,-0.038474128,0.0399275,-0.00015902563,0.0077945795,0.009411921,-0.0007810739,0.01501913,-0.040841617,0.1898498,-0.007026172,0.10216526,0.03495784,-0.06618823,0.027157888,-0.35106266,-0.06739779,0.08567316,0.013272301,0.0036405572,0.059422523,0.057831015,0.018006478,0.023753881,-0.06259695,-0.004270135,0.08581257,-0.032086316,-0.0012523744,0.01193676,-0.017855898,-0.007448652,0.029034149,-0.08903121,0.0062234104,0.0040716464,-0.002002147
54,0.8580931,1,0.0038054665,0.078663275,0.041546363,0.0300215,-0.0081880735,1.1148709,-0.0027913507,-0.11542545,0.0043254094,0.032323733,0.016332066,0.03394686,0.00069150113,0.097512476,0.18130957,0.08288502,-0.2087735,0.024923481,-0.016150134,0.024122743,0.4261335,-0.06988891,-0.046324894,0.042539414,-0.0020173378,-0.076878645,0.08597506,-0.103609085,0.02203901,0.00096624676,-0.023392541,0.04256312,-0.015024619,-0.00064542866,-0.015879834,-0.04256869,0.0005446372,0.027093332,0.00850808,0.023754355,0.009191172,0.0025074964
55,0.81396794,0,-0.14741735,0.00058795395,0.014449604,-0.0152393,0.04071071,-0.15836993,0.134919,0.039347257,0.0321527,0.0021961187,0.013583757,-0.0009830149,-0.00068159925,-0.0368143,-0.0076792412,0.038345654,-0.013805148,0.031068271,-0.041397896,0.01944812,0.39471456,0.4583238,0.12611079,0.25750208,0.0027145578,0.023600189,-0.034116663,0.020183073,0.02018904,0.0027040117,0.018318277,0.07807284,-0.024029257,-0.001124741,0.034623254,0.046588007,0.0006119943,-0.032366127,0.0062394,0.031526774,0.012969395,0.0002209042
56,0.30279806,0,-0.002730958,0.0651605,0.06248566,-0.017305491,-0.036647618,-0.31068859,-0.037187215,0.045990657,0.0013016921,0.0251897,0.01185013,-0.0011898276,-0.0020966255,-0.059793346,0.17410389,0.048154313,-0.18906789,0.02811537,-0.02141101,0.019192884,-0.34486145,-0.06815593,-0.026515212,-0.1319453,0.001977367,0.07301661,0.06398778,-0.07025139,0.019035444,0.0012710207,-0.009966628,-0.2918527,-0.024780275,-0.0017429353,0.0051503093,0.044024605,0.0006119943,0.014577864,0.008683999,0.012455586,0.0016310319,-0.0017913799
57,0.33386043,0,0.002863289,-0.11478568,-0.22445491,0.0056465305,-0.025914315,-0.28911078,-0.043160245,0.066307075,0.003935681,-0.017444387,-0.03176388,-0.0015692232,-0.0035930583,0.1030066,0.003974053,0.040905874,-0.028716285,-0.032461956,-0.013927627,0.034759417,-0.31883228,-0.07165826,-0.005059794,-0.121539935,0.0036409697,0.074094,-0.03076536,0.03191626,0.019252028,0.002046384,-0.0048410627,0.08523708,0.09950116,-0.0010217944,0.008371744,-0.016581798,-0.012417506,0.022912262,0.0071036587,0.0034025572,0.013575082,-0.0016119145
58,0.26848665,0,-0.21423705,-0.13225585,0.06147941,-0.010864707,-0.018707352,-0.34020072,-0.033526354,-0.09011343,5.3417694e-05,-0.03588832,0.003924413,-0.0022724865,-0.0021884474,-0.027336275,0.16273032,0.012619486,0.1385425,0.04697094,-0.033284824,-0.20499848,-0.3473419,-0.13620897,0.16963716,-0.014424965,0.0030670194,-0.07539428,-0.023583833,0.01792362,0.02261634,-0.05946237,-0.01339684,0.07177714,-0.029382559,-0.0012044925,0.013380198,0.065026045,0.00029266288,0.021748412,-0.062296208,0.007017599,0.0016178458,-0.0021724622
59,0.3270392,1,0.16156012,-0.10089043,-0.24003099,-0.0036246714,0.022456968,-0.2454591,0.16993608,-0.13415916,-0.011723918,-0.046223115,0.00079969247,-0.0018398017,0.014778069,-0.055382576,-0.0025396612,0.027733881,0.16135368,-0.033532176,0.05482162,0.016799927,-0.3237993,-0.06535336,-0.014207175,-0.01082854,0.0049292743,0.060005236,-0.024886087,0.02255978,-0.28473908,0.004427488,-0.0037371463,0.08086928,-0.031922672,-0.0010217944,0.014428248,-0.032370478,-0.007448652,0.032360908,0.009316324,0.0042187274,0.0042527835,-0.0014997819
60,0.22373435,0,-0.1196298,0.07331062,0.018286463,-0.005050665,0.016296998,-0.28312713,-0.03161788,-0.122080386,-0.011548719,-0.038238842,0.0049427142,-0.0018741809,-0.0021094019,-0.07065189,-0.01864726,0.03163555,-0.055798564,-0.027092602,0.05481691,-0.033793535,-0.18890181,-0.15923926,-0.21503504,-0.006406464,0.0018085518,0.056800213,-0.043857828,0.024170822,0.02025324,0.0012242398,-0.01611623,-0.31933492,-0.021898137,-0.00176057,0.011679216,0.0935107,0.0005446372,0.025749182,0.008088414,0.012030646,0.008746103,-0.0021242655
61,0.31997266,0,-0.01581757,0.025920358,0.09690571,-0.008245459,-0.03801425,-0.3258729,-0.03623942,0.045400538,-0.004156013,-0.02431091,-0.039884347,-0.0010903903,-5.917484e-05,-0.036052912,0.22089374,-0.0014924782,-0.04920868,0.03240727,-0.07333802,0.02432427,-0.33207452,-0.06493779,0.032778595,-0.10922105,0.0021590798,0.06955048,-0.019489102,0.025821326,0.019031659,0.0012710207,-0.0050242054,-0.29423967,-0.025957858,-0.00199115,0.008943813,0.043179967,0.0006119943,0.019079681,0.0064169234,0.0101364665,-0.01784456,-0.0021724622
62,0.35662624,0,-0.12252917,0.083555065,0.073945545,-0.021198088,-0.024881748,-0.28539118,-0.01950688,-0.120441705,-0.006292553,-0.03376992,-0.017038446,-0.0052637467,-0.0028088207,-0.06416396,-0.05695119,0.032102156,-0.30210748,0.027125346,-0.036292303,0.0144602265,0.34786186,-0.115560144,0.035734873,0.027552634,0.002179081,-0.10785871,-0.037084177,0.026520401,0.021627393,0.0012294878,0.013776861,0.07549941,-0.022106191,-0.0007735797,-0.008053638,-0.0271137,0.0005446372,0.021665776,-0.07857651,0.023724455,0.010359634,-0.0017431832
63,0.57867664,1,0.12339741,0.01613847,0.06017485,-0.0066623115,0.016879374,0.37306687,-0.012677036,-0.11076582,-0.007738013,0.027708618,0.012192979,-0.0022535766,0.0014758542,0.1383403,-0.110505454,0.054765485,-0.06794668,-0.023703527,0.043636672,0.03248621,-0.12655209,-0.10710514,-0.27107704,-0.024002597,-0.0027123985,0.022642197,0.118821226,0.028220125,0.021037895,0.0016071547,0.03160431,0.069802746,-0.009878721,-0.0010217944,-0.024114711,-0.06950688,0.00028176984,0.033496726,0.010970182,-0.053220376,0.012520902,0.00951474
64,0.1525756,0,-0.13791227,-0.15886372,0.018978294,-0.013576298,-0.025485866,-0.26829752,-0.047530804,-0.08021849,-0.0042878957,0.025432533,0.004852171,-0.0022805035,-0.0021712426,-0.10032886,-0.033615608,0.0063544326,-0.23547512,-0.039156735,0.050932445,-0.020144524,-0.2790468,-0.16035476,-0.20377816,-0.06299618,0.002484417,-0.10765871,-0.040491045,0.011603697,0.013307539,-0.022844307,-0.005366565,0.06519536,-0.03379678,-0.00072569784,0.0042677186,0.08137179,0.0005446372,0.025134465,0.007164833,-0.04095383,0.008931488,-0.0017431832
65,0.23212563,0,0.18362343,-0.1100197,-0.2283915,-0.010236004,-0.04123735,-0.32351926,-0.039064333,-0.11242968,-0.0057354793,0.02459088,0.004853593,-0.0022805035,-0.0023860268,-0.055816606,-0.018705279,0.034940425,-0.056996737,0.05211342,-0.010163233,0.023950681,-0.32848957,-0.15774062,0.036752064,-0.138826,0.004073586,-0.09825011,-0.02171178,0.019961352,0.020528188,0.0020403275,0.012308016,0.07228114,-0.03236707,-0.0010217944,-0.0059132082,-0.024152445,0.0005446372,0.026671682,0.011010141,0.0059114606,0.0067002117,-0.0017529675
66,0.4161221,0,0.0030656806,0.06714984,0.08102164,-0.0074427784,0.014686817,-0.30163804,-0.03211051,0.04733816,-0.0028132787,-0.027578328,-0.03399844,-0.0010903903,-0.0006287757,-0.042210177,-0.19041881,-0.011617627,0.22485793,-0.016690118,-0.0037415223,0.023352053,-0.3869296,-0.05295568,0.04862474,-0.031626996,0.0043519107,0.06456249,-0.03367425,0.021985225,0.023100223,0.00404541,0.02380624,0.08794993,-0.010100915,-0.0010217944,-0.011246392,-0.022567289,0.0003491269,0.03188713,0.006030283,0.009169953,0.010173718,-0.0021242655
67,0.8907329,1,0.14281315,0.0908265,0.087994576,-0.008937654,-0.009189709,1.3333759,-0.0024527237,0.06104915,0.0023888594,0.008441677,0.014050767,-0.0045750574,0.00085606566,-0.046146166,0.18388155,0.08825651,-0.051578254,-0.026388712,0.008326156,0.02397176,0.40500325,-0.0014903917,0.0068505034,0.026332421,-0.00050537614,-0.092265025,0.03575718,0.033142563,0.027126038,0.0012007911,-0.0139990095,-0.16637245,-0.016519783,-0.0011381942,-0.02316954,-0.031420156,0.0006119943,0.021670034,0.009736487,-0.11516458,0.005768558,0.002126414
68,0.44620797,0,-0.21194835,-0.17245,0.028737297,-0.0050760545,0.019847555,-0.3051889,0.14984788,-0.054903995,0.0012452267,0.031082252,0.00729102,-0.0020646704,-0.0039760093,0.06151079,-0.022877816,0.0027394644,0.20579521,0.04511538,-0.063589476,0.014579896,0.28318793,-0.0462042,0.14429219,-0.051958863,0.0022949134,0.07052051,-0.033383254,-0.0732007,0.027347963,0.005338805,-0.012100774,-0.28136295,-0.02851104,-0.00176057,0.013821387,0.044007406,0.0006119943,0.014151673,0.005563776,-0.078282185,-0.032429136,-0.0016700968
69,0.63037384,1,-0.098816074,0.04535612,0.053285424,0.015467284,0.013463557,0.4126784,0.07365717,-0.12350413,-0.013304536,0.032042004,0.014847716,-0.0018741809,0.002609004,-0.039883204,-0.025457451,0.062428165,-0.04138914,0.03699383,-0.010042222,0.023691084,-0.0580951,-0.022547463,0.06262155,0.004333209,-0.0013321161,0.013612074,-0.03435747,-0.06560313,0.023594625,0.0017127577,0.023269573,0.071505554,-0.018833244,-0.0010217944,0.023891328,-0.051900364,0.0006119943,0.03266918,0.009495331,0.014228856,-0.023923293,0.009635855
70,0.24646361,0,-0.093542516,0.00040927716,-0.18951324,-0.013932577,0.0413961,-0.2570341,0.1722976,0.050632734,-0.018637123,0.01434453,0.0056099775,-0.0013893377,-0.0039578695,-0.0810298,-0.19888318,0.02550489,-0.047939308,-0.03108219,0.040533382,0.032085568,-0.26096934,0.6106905,-0.19449271,-0.055169746,0.0017311551,-0.096602485,-0.044584356,-0.041431442,-0.1967593,0.0009386768,-0.0136754485,-0.26482275,-0.012223799,-0.002384784,-0.018467242,-0.03288836,0.0003491269,-0.08348104,0.007085599,0.036775988,0.010240104,-0.0012987987
71,0.26883668,0,-0.0001513786,-0.13930494,0.040246163,-0.009021466,0.015926616,-0.28466108,-0.037086364,0.04935852,-0.0022695574,0.0149749555,0.0060184337,-0.0019755461,-0.00092583883,0.14486028,-0.18174416,0.010050643,-0.070671245,-0.03509468,0.054628156,-0.024733117,-0.34036514,-0.062007416,-0.18199678,-0.034302693,0.003411694,-0.116559595,-0.047660414,0.009790658,0.016006269,0.0017555731,0.02416677,0.088941075,-0.02123472,-0.0010217944,-0.010123882,-0.028835064,0.0003491269,0.0330399,0.007946333,0.009790537,0.014072656,-0.0021242655
72,0.7379805,1,0.18043205,0.056205485,0.059722118,-0.006204591,0.011287345,0.54361784,-0.013331407,0.031279676,0.022009118,0.019752491,0.016556509,-0.0014967131,0.0015028144,-0.02987716,-0.017922368,0.0019388078,0.19536826,0.05154466,-0.020265501,0.026070597,-0.020869559,-0.04424692,0.26817876,-0.0126816435,0.0007108718,-0.027073357,-0.019658756,0.021435255,0.025463946,0.0037930459,-0.018533107,-0.22367738,-0.019024996,-0.002384784,-0.03314185,-0.049608264,0.0006119943,-0.06727943,0.008587914,0.01347154,0.005716546,0.00951474
73,0.43375462,0,0.096951485,-0.089362785,-0.17814378,0.054512702,0.015476172,-0.27813843,-0.030515077,0.06487517,0.0038301202,-0.016073802,-0.042728595,-0.001294286,-0.002440489,0.069849074,0.16972852,0.01109449,-0.14177704,0.07758429,-0.03514121,0.030115588,-0.16216108,-0.05535768,0.029490203,0.021971866,-0.039591942,0.04982695,0.06054432,0.032595955,0.0149408635,0.0020403275,0.012179049,0.08231554,-0.0309783,-0.0010041597,0.00980583,-0.022851843,-0.007448652,0.026904913,-0.12429323,0.0069709714,-0.037161954,-0.0016930557
74,0.47442445,0,0.0066133663,-0.19991802,0.03302853,-0.012709933,-0.020933723,-0.28371352,-0.03311941,0.049679525,-0.004480831,0.015721675,0.0075683957,-0.0019386514,-0.0028774764,0.10112421,-0.029660853,-0.0075810966,-0.044086497,-0.031577487,-0.07710097,0.028457832,0.30516937,-0.032411918,0.049870744,-0.08254623,0.003415539,0.09023056,-0.030203147,0.03365425,0.02359182,-0.022907741,-0.008642508,0.086085364,-0.032458402,-0.0010217944,-0.007218114,-0.012826078,0.0006119943,0.018238338,0.0087421425,-0.08786908,0.017728332,-0.0021242655
75,0.51358455,0,0.1463242,0.053997315,0.020525474,-0.017738514,-0.04909831,0.07950434,-0.011577195,-0.11798545,-0.02435403,-0.03147453,0.013932489,-0.0022535766,-0.002329519,0.10160734,-0.027395384,-0.0026495978,-0.22238165,-0.029646838,0.04155283,-0.000643352,0.089373514,-0.098947674,-0.28105578,0.23458569,-0.009484089,0.025725381,0.11366715,0.032482468,0.014478438,0.0010572894,0.026794547,0.06408411,-0.018811697,-0.0007735797,-0.012985363,-0.05755406,0.0005446372,0.026320018,0.010817452,-0.043048717,-0.04010238,-0.028736282
76,0.3697481,0,0.0019159651,0.06268398,-0.22475198,-0.019157743,-0.037993744,-0.25819382,-0.037317026,0.057781775,-0.0046321396,-0.016609857,0.011145163,-0.0014697859,-0.0039229705,0.1415345,-0.009344336,-0.0063749063,-0.035250828,-0.021040268,0.06691535,0.038989007,-0.2540195,-0.06623825,-0.1701472,-0.10298178,0.003186263,0.07885014,0.12573521,0.029785318,0.019874683,0.0009386768,-0.0074519985,0.08760464,-0.027470166,-0.0010217944,-0.0066958405,-0.031793505,0.0006119943,0.029203473,0.009312698,0.0066090547,-0.04834752,-0.0017529675
77,0.3638976,0,0.20111232,-0.104678884,-0.2271956,-0.014224506,0.018567914,-0.3169104,-0.038937107,-0.079297826,0.008727563,0.024795145,-0.020930886,-0.0022805035,-0.0036548397,-0.022521222,0.1954198,0.021079369,0.17309622,-0.049781803,-0.024468008,-0.003246748,-0.34866172,-0.12916742,0.14191793,-0.042994384,-0.042469006,-0.066447966,-0.011459151,0.022762882,0.021797374,0.0051633045,-0.0023980483,0.068202235,0.096546575,-0.0018287065,0.018985074,-0.026286744,-0.00830652,-0.07584968,0.0056934035,0.003901124,-0.008601696,-0.0016601109
78,0.34684497,1,0.09540623,0.058645047,0.08952999,0.014946127,-0.017337557,-0.29357752,-0.024298305,-0.088671595,0.0023561919,0.03619746,-0.022201885,-0.0019941106,-0.0017490797,0.079552665,-0.0062159123,-0.0067198346,-0.057483878,-0.025345555,-0.07233594,0.030901117,-0.34910733,-0.11532587,-0.009452018,-0.008995473,-0.031222163,-0.08835356,0.100339346,0.021021038,0.014837638,0.001464032,0.016620042,0.077178486,-0.021723978,-0.0010217944,-0.01595767,-0.033264294,0.0005446372,0.036651928,-0.123830974,0.0071291695,0.014048147,-0.0021242655
